Transport - cities and greater cities [urb_ctran],,,,,,,,,,,,,,,,,,,,,,,,,,,,
,,,,,,,,,,,,,,,,,,,,,,,,,,,,
Last update,21.06.18,,,,,,,,,,,,,,,,,,,,,,,,,,,
Extracted on,02.07.18,,,,,,,,,,,,,,,,,,,,,,,,,,,
Source of data,Eurostat,,,,,,,,,,,,,,,,,,,,,,,,,,,
,,,,,,,,,,,,,,,,,,,,,,,,,,,,
INDIC_UR,Share of journeys to work by bicycle -%,,,,,,,,,,,,,,,,,,,,,,,,,,,
,,,,,,,,,,,,,,,,,,,,,,,,,,,,
CITIES/TIME,1990,1991,1992,1993,1994,1995,1996,1997,1998,1999,2000,2001,2002,2003,2004,2005,2006,2007,2008,2009,2010,2011,2012,2013,2014,2015,2016,2017
Belgium,:,8.46,:,:,:,:,:,:,:,:,:,:,:,:,:,:,:,:,8.98,:,:,8.60,:,:,:,:,:,:
Bruxelles / Brussel,:,:,:,:,:,:,:,:,:,:,:,:,:,:,:,:,:,:,2.26,:,:,1.90,:,:,:,:,:,:
Antwerpen,:,:,:,:,:,:,:,:,:,:,:,:,:,:,:,:,:,:,13.04,:,:,:,:,:,:,:,:,:
Gent,:,:,:,:,:,:,:,:,:,:,:,:,:,:,:,:,:,:,12.55,:,:,:,:,:,:,:,:,:
Charleroi,:,:,:,:,:,:,:,:,:,:,:,:,:,:,:,:,:,:,0.60,:,:,:,:,:,:,:,:,:
Liège,:,:,:,:,:,:,:,:,:,:,:,:,:,:,:,:,:,:,1.11,:,:,1.13,:,:,:,:,:,:
Brugge,:,:,:,:,:,:,:,:,:,:,:,:,:,:,:,:,:,:,22.78,:,:,24.71,:,:,:,:,:,:
Namur,:,:,:,:,:,:,:,:,:,:,:,:,:,:,:,:,:,:,1.85,:,:,1.08,:,:,:,:,:,:
Leuven,:,:,:,:,:,:,:,:,:,:,:,:,:,:,:,:,:,:,:,:,:,15.26,:,:,:,:,:,:
Mons,:,:,:,:,:,:,:,:,:,:,:,:,:,:,:,:,:,:,:,:,:,1.57,:,:,:,:,:,:
Kortrijk,:,:,:,:,:,:,:,:,:,:,:,:,:,:,:,:,:,:,:,:,:,15.74,:,:,:,:,:,:
Oostende,:,:,:,:,:,:,:,:,:,:,:,:,:,:,:,:,:,:,:,:,:,20.10,:,:,:,:,:,:
Bulgaria,:,:,:,:,:,:,:,:,:,:,:,:,:,:,:,:,:,:,:,:,:,15.03,:,:,:,:,:,:
Sofia,:,:,:,:,:,:,:,:,:,:,:,:,:,:,:,:,:,:,9.00,:,:,12.00,:,:,:,:,:,:
Plovdiv,:,:,:,:,:,:,:,:,:,:,:,:,:,:,:,:,:,:,8.00,:,:,8.00,:,:,:,:,:,:
Varna,:,:,:,:,:,:,:,:,:,:,:,:,:,:,:,:,:,:,9.00,:,:,9.00,:,:,:,:,:,:
Burgas,:,:,:,:,:,:,:,:,:,:,:,:,:,:,:,:,:,:,12.00,:,:,13.00,:,:,:,:,:,:
Pleven,:,:,:,:,:,:,:,:,:,:,:,:,:,:,:,:,:,:,9.00,:,:,15.00,:,:,:,:,:,:
Ruse,:,:,:,:,:,:,:,:,:,:,:,:,:,:,:,:,:,:,11.00,:,:,12.00,:,:,:,:,:,:
Vidin,:,:,:,:,:,:,:,:,:,:,:,:,:,:,:,:,:,:,14.00,:,:,14.00,:,:,:,:,:,:
Stara Zagora,:,:,:,:,:,:,:,:,:,:,:,:,:,:,:,:,:,:,10.00,:,:,17.00,:,:,:,:,:,:
Sliven,:,:,:,:,:,:,:,:,:,:,:,:,:,:,:,:,:,:,:,:,:,15.00,:,:,:,:,:,:
Dobrich,:,:,:,:,:,:,:,:,:,:,:,:,:,:,:,:,:,:,:,:,:,16.00,:,:,:,:,:,:
Shumen,:,:,:,:,:,:,:,:,:,:,:,:,:,:,:,:,:,:,:,:,:,16.00,:,:,:,:,:,:
Pernik,:,:,:,:,:,:,:,:,:,:,:,:,:,:,:,:,:,:,:,:,:,12.00,:,:,:,:,:,:
Yambol,:,:,:,:,:,:,:,:,:,:,:,:,:,:,:,:,:,:,:,:,:,18.00,:,:,:,:,:,:
Haskovo,:,:,:,:,:,:,:,:,:,:,:,:,:,:,:,:,:,:,:,:,:,18.00,:,:,:,:,:,:
Pazardzhik,:,:,:,:,:,:,:,:,:,:,:,:,:,:,:,:,:,:,:,:,:,18.00,:,:,:,:,:,:
Blagoevgrad,:,:,:,:,:,:,:,:,:,:,:,:,:,:,:,:,:,:,:,:,:,17.00,:,:,:,:,:,:
Veliko Tarnovo,:,:,:,:,:,:,:,:,:,:,:,:,:,:,:,:,:,:,:,:,:,9.00,:,:,:,:,:,:
Vratsa,:,:,:,:,:,:,:,:,:,:,:,:,:,:,:,:,:,:,:,:,:,16.00,:,:,:,:,:,:
Czech Republic,:,:,:,:,:,:,:,:,:,:,:,3.13,:,:,:,:,:,:,:,:,:,:,:,:,:,:,:,:
Praha,:,:,:,:,:,:,:,:,:,:,:,0.30,:,:,:,:,:,:,:,:,:,:,:,:,:,:,:,:
Brno,:,:,:,:,:,:,:,:,:,:,:,0.60,:,:,:,:,:,:,:,:,:,:,:,:,:,:,:,:
Ostrava,:,:,:,:,:,:,:,:,:,:,:,1.00,:,:,:,:,:,:,:,:,:,:,:,:,:,:,:,:
Plzen,:,:,:,:,:,:,:,:,:,:,:,0.80,:,:,:,:,:,:,:,:,:,:,:,:,:,:,:,:
Ústí nad Labem,:,:,:,:,:,:,:,:,:,:,:,1.00,:,:,:,:,:,:,:,:,:,:,:,:,:,:,:,:
Olomouc,:,:,:,:,:,:,:,:,:,:,:,:,:,:,:,:,:,:,:,:,:,:,:,:,:,:,:,:
Liberec,:,:,:,:,:,:,:,:,:,:,:,:,:,:,:,:,:,:,:,:,:,:,:,:,:,:,:,:
Ceské Budejovice,:,:,:,:,:,:,:,:,:,:,:,:,:,:,:,:,:,:,:,:,:,:,:,:,:,:,:,:
Hradec Králové,:,:,:,:,:,:,:,:,:,:,:,:,:,:,:,:,:,:,:,:,:,:,:,:,:,:,:,:
Pardubice,:,:,:,:,:,:,:,:,:,:,:,:,:,:,:,:,:,:,:,:,:,:,:,:,:,:,:,:
Zlín,:,:,:,:,:,:,:,:,:,:,:,:,:,:,:,:,:,:,:,:,:,:,:,:,:,:,:,:
Kladno,:,:,:,:,:,:,:,:,:,:,:,:,:,:,:,:,:,:,:,:,:,:,:,:,:,:,:,:
Karlovy Vary,:,:,:,:,:,:,:,:,:,:,:,:,:,:,:,:,:,:,:,:,:,:,:,:,:,:,:,:
Jihlava,:,:,:,:,:,:,:,:,:,:,:,:,:,:,:,:,:,:,:,:,:,:,:,:,:,:,:,:
Havírov,:,:,:,:,:,:,:,:,:,:,:,:,:,:,:,:,:,:,:,:,:,:,:,:,:,:,:,:
Most,:,:,:,:,:,:,:,:,:,:,:,:,:,:,:,:,:,:,:,:,:,:,:,:,:,:,:,:
Karviná,:,:,:,:,:,:,:,:,:,:,:,:,:,:,:,:,:,:,:,:,:,:,:,:,:,:,:,:
Chomutov-Jirkov,:,:,:,:,:,:,:,:,:,:,:,:,:,:,:,:,:,:,:,:,:,:,:,:,:,:,:,:
Denmark,:,:,:,:,:,:,:,:,:,:,:,:,23.83,21.42,:,:,:,:,:,:,:,:,:,:,:,:,:,:
København,:,:,:,:,:,:,:,:,:,:,29.00,:,:,36.12,:,:,:,:,:,:,:,:,:,:,:,:,:,:
København (greater city),:,:,:,:,:,:,:,:,:,:,:,:,:,19.73,:,:,:,:,:,:,:,:,:,:,:,:,:,:
Århus,:,:,:,:,:,:,:,:,:,:,22.00,:,:,26.98,:,:,:,:,:,:,:,:,:,:,:,:,:,:
Odense,:,:,:,:,:,:,:,:,:,:,29.00,:,:,33.74,:,:,:,:,:,:,:,:,:,:,:,:,:,:
Aalborg,:,:,:,:,:,:,:,:,:,:,20.00,:,:,21.39,:,:,:,:,:,:,:,:,:,:,:,:,:,:
Germany,:,:,:,:,:,:,:,:,:,:,8.00,7.90,:,:,7.60,8.90,8.90,8.90,8.90,8.90,:,:,8.80,:,:,:,:,:
Berlin,:,:,:,:,:,:,:,:,:,:,7.00,6.70,:,:,7.40,9.90,9.90,9.90,9.90,9.90,:,:,10.80,:,:,:,:,:
Hamburg,:,:,:,:,:,:,:,:,:,:,7.00,7.00,:,:,7.80,9.30,9.30,9.30,9.30,9.30,:,:,8.70,:,:,:,:,:
München,:,:,:,:,:,:,:,:,:,:,8.00,7.80,:,:,8.20,10.10,10.10,10.10,10.10,10.10,:,:,10.70,:,:,:,:,:
Köln,:,:,:,:,:,:,:,:,:,:,8.00,7.60,:,:,8.70,10.90,10.90,10.90,10.90,10.90,:,:,11.10,:,:,:,:,:
Frankfurt am Main,:,:,:,:,:,:,:,:,:,:,6.00,6.10,:,:,7.20,9.60,9.60,9.60,9.60,9.60,:,:,10.00,:,:,:,:,:
Essen,:,:,:,:,:,:,:,:,:,:,2.00,1.30,:,:,1.60,2.30,2.30,2.30,2.30,2.30,:,:,2.10,:,:,:,:,:
Stuttgart,:,:,:,:,:,:,:,:,:,:,:,4.00,:,:,3.60,4.70,4.70,4.70,4.70,4.70,:,:,4.70,:,:,:,:,:
Leipzig,:,:,:,:,:,:,:,:,:,:,7.00,7.40,:,:,10.30,15.30,15.30,15.30,15.30,15.30,:,:,14.70,:,:,:,:,:
Dresden,:,:,:,:,:,:,:,:,:,:,7.00,7.10,:,:,9.00,13.80,13.80,13.80,13.70,13.70,:,:,14.20,:,:,:,:,:
Dortmund,:,:,:,:,:,:,:,:,:,:,4.00,3.90,:,:,2.80,4.60,4.60,4.60,4.60,4.60,:,:,3.70,:,:,:,:,:
Düsseldorf,:,:,:,:,:,:,:,:,:,:,6.00,6.00,:,:,5.60,9.70,9.70,9.70,9.70,9.70,:,:,8.30,:,:,:,:,:
Bremen,:,:,:,:,:,:,:,:,:,:,18.00,17.80,:,:,18.60,18.80,18.80,18.80,18.80,18.90,:,:,21.10,:,:,:,:,:
Hannover,:,:,:,:,:,:,:,:,:,:,14.00,14.30,:,:,12.70,16.40,16.40,16.40,16.40,16.40,:,:,19.10,:,:,:,:,:
Nürnberg,:,:,:,:,:,:,:,:,:,:,7.00,6.80,:,:,6.90,9.80,9.80,9.80,9.80,9.80,:,:,9.30,:,:,:,:,:
Bochum,:,:,:,:,:,:,:,:,:,:,3.00,2.50,:,:,1.30,3.90,3.90,3.90,3.90,3.90,:,:,2.70,:,:,:,:,:
Bielefeld,:,:,:,:,:,:,:,:,:,:,7.00,7.20,:,:,8.80,8.70,8.70,8.70,8.70,8.70,:,:,7.60,:,:,:,:,:
Halle an der Saale,:,:,:,:,:,:,:,:,:,:,:,6.70,:,:,9.10,11.90,11.90,11.90,11.90,11.90,:,:,11.90,:,:,:,:,:
Magdeburg,:,:,:,:,:,:,:,:,:,:,:,5.80,:,:,7.90,13.60,13.60,13.60,13.60,13.60,:,:,11.00,:,:,:,:,:
Wiesbaden,:,:,:,:,:,:,:,:,:,:,7.00,7.20,:,:,3.90,5.30,5.30,5.30,5.30,5.30,:,:,3.60,:,:,:,:,:
Göttingen,:,:,:,:,:,:,:,:,:,:,:,7.80,:,:,9.20,16.10,16.00,16.00,16.00,16.00,:,:,22.40,:,:,:,:,:
Mülheim a.d.Ruhr,:,:,:,:,:,:,:,:,:,:,:,1.80,:,:,3.10,2.70,2.70,2.70,2.70,2.70,:,:,2.40,:,:,:,:,:
Moers,:,:,:,:,:,:,:,:,:,:,:,10.50,:,:,7.70,11.10,11.10,11.10,11.10,11.10,:,:,11.50,:,:,:,:,:
Darmstadt,:,:,:,:,:,:,:,:,:,:,:,7.20,:,:,6.60,9.10,9.10,9.10,9.00,9.00,:,:,14.60,:,:,:,:,:
Trier,:,:,:,:,:,:,:,:,:,:,:,3.10,:,:,3.00,3.10,3.10,3.10,3.10,3.10,:,:,5.70,:,:,:,:,:
Freiburg im Breisgau,:,:,:,:,:,:,:,:,:,:,14.00,13.60,:,:,12.80,31.50,31.60,31.60,31.60,31.60,:,:,30.00,:,:,:,:,:
Regensburg,:,:,:,:,:,:,:,:,:,:,:,5.50,:,:,5.30,12.50,12.50,12.50,12.50,12.50,:,:,13.90,:,:,:,:,:
Frankfurt (Oder),:,:,:,:,:,:,:,:,:,:,:,10.50,:,:,8.40,9.00,9.00,9.00,9.00,9.00,:,:,7.70,:,:,:,:,:
Weimar,:,:,:,:,:,:,:,:,:,:,:,5.60,:,:,5.90,7.50,7.50,7.50,7.50,7.50,:,:,9.90,:,:,:,:,:
Schwerin,:,:,:,:,:,:,:,:,:,:,:,11.50,:,:,11.50,11.50,11.50,11.50,11.50,11.50,:,:,11.70,:,:,:,:,:
Erfurt,:,:,:,:,:,:,:,:,:,:,:,5.60,:,:,5.90,12.00,12.00,12.00,12.00,12.00,:,:,9.60,:,:,:,:,:
Augsburg,:,:,:,:,:,:,:,:,:,:,7.00,10.00,:,:,8.30,13.00,13.00,13.00,13.00,13.00,:,:,14.20,:,:,:,:,:
Bonn,:,:,:,:,:,:,:,:,:,:,13.00,12.30,:,:,13.20,13.80,13.80,13.80,13.80,13.80,:,:,15.70,:,:,:,:,:
Karlsruhe,:,:,:,:,:,:,:,:,:,:,11.00,10.40,:,:,7.70,17.20,17.20,17.20,17.20,17.20,:,:,18.70,:,:,:,:,:
Mönchengladbach,:,:,:,:,:,:,:,:,:,:,:,7.10,:,:,4.90,4.90,4.90,4.90,4.90,4.90,:,:,4.90,:,:,:,:,:
Mainz,:,:,:,:,:,:,:,:,:,:,:,6.00,:,:,6.40,8.70,8.70,8.70,8.70,8.70,:,:,7.40,:,:,:,:,:
Kiel,:,:,:,:,:,:,:,:,:,:,:,10.90,:,:,13.40,19.80,19.80,19.80,19.80,19.80,:,:,18.40,:,:,:,:,:
Saarbrücken,:,:,:,:,:,:,:,:,:,:,:,1.40,:,:,1.50,2.00,2.00,2.00,2.00,2.00,:,:,2.20,:,:,:,:,:
Potsdam,:,:,:,:,:,:,:,:,:,:,:,13.80,:,:,14.10,12.90,12.90,12.90,12.90,12.90,:,:,15.20,:,:,:,:,:
Koblenz,:,:,:,:,:,:,:,:,:,:,:,3.70,:,:,3.00,5.10,5.10,5.10,5.10,5.10,:,:,9.50,:,:,:,:,:
Rostock,:,:,:,:,:,:,:,:,:,:,:,8.90,:,:,:,9.90,9.90,10.00,10.00,10.00,:,:,14.40,:,:,:,:,:
Kaiserslautern,:,:,:,:,:,:,:,:,:,:,:,:,:,:,:,:,:,:,:,:,:,:,3.20,:,:,:,:,:
Iserlohn,:,:,:,:,:,:,:,:,:,:,:,:,:,:,:,:,:,:,:,:,:,:,1.80,:,:,:,:,:
Esslingen am Neckar,:,:,:,:,:,:,:,:,:,:,:,:,:,:,:,:,:,:,:,:,:,:,7.70,:,:,:,:,:
Hanau,:,:,:,:,:,:,:,:,:,:,:,:,:,:,:,:,:,:,:,:,:,:,5.00,:,:,:,:,:
Wilhelmshaven,:,:,:,:,:,:,:,:,:,:,:,:,:,:,:,:,:,:,:,:,:,:,23.90,:,:,:,:,:
Ludwigsburg,:,:,:,:,:,:,:,:,:,:,:,:,:,:,:,:,:,:,:,:,:,:,4.80,:,:,:,:,:
Tübingen,:,:,:,:,:,:,:,:,:,:,:,:,:,:,:,:,:,:,:,:,:,:,16.00,:,:,:,:,:
Villingen-Schwenningen,:,:,:,:,:,:,:,:,:,:,:,:,:,:,:,:,:,:,:,:,:,:,5.50,:,:,:,:,:
Flensburg,:,:,:,:,:,:,:,:,:,:,:,:,:,:,:,:,:,:,:,:,:,:,11.30,:,:,:,:,:
Marburg,:,:,:,:,:,:,:,:,:,:,:,:,:,:,:,:,:,:,:,:,:,:,8.10,:,:,:,:,:
Konstanz,:,:,:,:,:,:,:,:,:,:,:,:,:,:,:,:,:,:,:,:,:,:,15.80,:,:,:,:,:
Neumünster,:,:,:,:,:,:,:,:,:,:,:,:,:,:,:,:,:,:,:,:,:,:,19.80,:,:,:,:,:
Brandenburg an der Havel,:,:,:,:,:,:,:,:,:,:,:,:,:,:,:,:,:,:,:,:,:,:,17.50,:,:,:,:,:
Gießen,:,:,:,:,:,:,:,:,:,:,:,:,:,:,:,:,:,:,:,:,:,:,11.50,:,:,:,:,:
Lüneburg,:,:,:,:,:,:,:,:,:,:,:,:,:,:,:,:,:,:,:,:,:,:,16.60,:,:,:,:,:
Bayreuth,:,:,:,:,:,:,:,:,:,:,:,:,:,:,:,:,:,:,:,:,:,:,15.50,:,:,:,:,:
Celle,:,:,:,:,:,:,:,:,:,:,:,:,:,:,:,:,:,:,:,:,:,:,24.60,:,:,:,:,:
Aschaffenburg,:,:,:,:,:,:,:,:,:,:,:,:,:,:,:,:,:,:,:,:,:,:,8.00,:,:,:,:,:
Bamberg,:,:,:,:,:,:,:,:,:,:,:,:,:,:,:,:,:,:,:,:,:,:,18.10,:,:,:,:,:
Plauen,:,:,:,:,:,:,:,:,:,:,:,:,:,:,:,:,:,:,:,:,:,:,2.70,:,:,:,:,:
Neubrandenburg,:,:,:,:,:,:,:,:,:,:,:,:,:,:,:,:,:,:,:,:,:,:,17.70,:,:,:,:,:
Fulda,:,:,:,:,:,:,:,:,:,:,:,:,:,:,:,:,:,:,:,:,:,:,4.70,:,:,:,:,:
Kempten (Allgäu),:,:,:,:,:,:,:,:,:,:,:,:,:,:,:,:,:,:,:,:,:,:,10.60,:,:,:,:,:
Landshut,:,:,:,:,:,:,:,:,:,:,:,:,:,:,:,:,:,:,:,:,:,:,16.70,:,:,:,:,:
Sindelfingen,:,:,:,:,:,:,:,:,:,:,:,:,:,:,:,:,:,:,:,:,:,:,8.70,:,:,:,:,:
Rosenheim,:,:,:,:,:,:,:,:,:,:,:,:,:,:,:,:,:,:,:,:,:,:,23.50,:,:,:,:,:
Frankenthal (Pfalz),:,:,:,:,:,:,:,:,:,:,:,:,:,:,:,:,:,:,:,:,:,:,18.20,:,:,:,:,:
Stralsund,:,:,:,:,:,:,:,:,:,:,:,:,:,:,:,:,:,:,:,:,:,:,27.30,:,:,:,:,:
Friedrichshafen,:,:,:,:,:,:,:,:,:,:,:,:,:,:,:,:,:,:,:,:,:,:,17.00,:,:,:,:,:
Offenburg,:,:,:,:,:,:,:,:,:,:,:,:,:,:,:,:,:,:,:,:,:,:,15.90,:,:,:,:,:
Görlitz,:,:,:,:,:,:,:,:,:,:,:,:,:,:,:,:,:,:,:,:,:,:,19.60,:,:,:,:,:
Sankt Augustin,:,:,:,:,:,:,:,:,:,:,:,:,:,:,:,:,:,:,:,:,:,:,9.20,:,:,:,:,:
Neu-Ulm,:,:,:,:,:,:,:,:,:,:,:,:,:,:,:,:,:,:,:,:,:,:,13.40,:,:,:,:,:
Schweinfurt,:,:,:,:,:,:,:,:,:,:,:,:,:,:,:,:,:,:,:,:,:,:,10.80,:,:,:,:,:
Greifswald,:,:,:,:,:,:,:,:,:,:,:,:,:,:,:,:,:,:,:,:,:,:,40.20,:,:,:,:,:
Wetzlar,:,:,:,:,:,:,:,:,:,:,:,:,:,:,:,:,:,:,:,:,:,:,2.90,:,:,:,:,:
Speyer,:,:,:,:,:,:,:,:,:,:,:,:,:,:,:,:,:,:,:,:,:,:,21.20,:,:,:,:,:
Passau,:,:,:,:,:,:,:,:,:,:,:,:,:,:,:,:,:,:,:,:,:,:,3.00,:,:,:,:,:
Dessau-Roßlau,:,:,:,:,:,:,:,:,:,:,:,:,:,:,:,:,:,:,:,:,:,:,18.80,:,:,:,:,:
Duisburg,:,:,:,:,:,:,:,:,:,:,:,5.40,:,:,:,6.40,6.40,6.40,6.40,6.40,:,:,6.40,:,:,:,:,:
Mannheim,:,:,:,:,:,:,:,:,:,:,:,8.20,:,:,:,13.50,13.50,13.60,13.60,13.60,:,:,12.60,:,:,:,:,:
Gelsenkirchen,:,:,:,:,:,:,:,:,:,:,:,4.30,:,:,:,6.60,6.60,6.60,6.60,6.60,:,:,5.20,:,:,:,:,:
Münster,:,:,:,:,:,:,:,:,:,:,:,20.00,:,:,:,32.10,32.10,32.20,32.20,32.20,:,:,32.90,:,:,:,:,:
Chemnitz,:,:,:,:,:,:,:,:,:,:,:,3.50,:,:,:,5.20,5.20,5.20,5.20,5.20,:,:,5.10,:,:,:,:,:
Braunschweig,:,:,:,:,:,:,:,:,:,:,:,8.10,:,:,:,15.40,15.40,15.40,15.40,15.40,:,:,16.00,:,:,:,:,:
Aachen,:,:,:,:,:,:,:,:,:,:,:,5.00,:,:,:,8.60,8.60,8.60,8.60,8.60,:,:,8.90,:,:,:,:,:
Krefeld,:,:,:,:,:,:,:,:,:,:,:,10.70,:,:,:,12.40,12.40,12.40,12.40,12.40,:,:,10.90,:,:,:,:,:
Oberhausen,:,:,:,:,:,:,:,:,:,:,:,1.80,:,:,:,3.40,3.40,3.40,3.40,3.40,:,:,4.00,:,:,:,:,:
Lübeck,:,:,:,:,:,:,:,:,:,:,:,10.90,:,:,:,22.80,22.80,22.80,22.80,22.80,:,:,21.30,:,:,:,:,:
Hagen,:,:,:,:,:,:,:,:,:,:,:,1.30,:,:,:,1.20,1.20,1.20,1.20,1.20,:,:,0.80,:,:,:,:,:
Kassel,:,:,:,:,:,:,:,:,:,:,:,4.60,:,:,:,5.70,5.70,5.70,5.70,5.70,:,:,8.10,:,:,:,:,:
Hamm,:,:,:,:,:,:,:,:,:,:,:,8.20,:,:,:,16.80,16.80,16.80,16.80,16.80,:,:,13.40,:,:,:,:,:
Herne,:,:,:,:,:,:,:,:,:,:,:,2.50,:,:,:,3.70,3.70,3.70,3.70,3.70,:,:,4.30,:,:,:,:,:
Solingen,:,:,:,:,:,:,:,:,:,:,:,0.70,:,:,:,0.30,0.30,0.30,0.30,0.30,:,:,1.00,:,:,:,:,:
Osnabrück,:,:,:,:,:,:,:,:,:,:,:,17.20,:,:,:,21.50,21.50,21.50,21.50,21.50,:,:,19.00,:,:,:,:,:
Ludwigshafen am Rhein,:,:,:,:,:,:,:,:,:,:,:,11.00,:,:,:,9.00,9.00,9.00,9.00,9.00,:,:,13.00,:,:,:,:,:
Leverkusen,:,:,:,:,:,:,:,:,:,:,:,4.40,:,:,:,4.90,4.90,4.90,4.90,4.90,:,:,10.20,:,:,:,:,:
Oldenburg (Oldenburg),:,:,:,:,:,:,:,:,:,:,:,18.50,:,:,:,25.70,25.70,25.60,25.60,25.60,:,:,28.70,:,:,:,:,:
Neuss,:,:,:,:,:,:,:,:,:,:,:,8.00,:,:,:,9.80,9.80,9.80,9.80,9.80,:,:,9.60,:,:,:,:,:
Heidelberg,:,:,:,:,:,:,:,:,:,:,:,8.20,:,:,:,12.50,12.50,12.50,12.50,12.50,:,:,19.90,:,:,:,:,:
Paderborn,:,:,:,:,:,:,:,:,:,:,:,7.70,:,:,:,15.10,15.10,15.10,15.10,15.10,:,:,16.80,:,:,:,:,:
Würzburg,:,:,:,:,:,:,:,:,:,:,:,4.00,:,:,:,11.80,11.80,11.80,11.80,11.80,:,:,11.80,:,:,:,:,:
Recklinghausen,:,:,:,:,:,:,:,:,:,:,:,7.30,:,:,:,10.20,10.20,10.20,10.20,10.20,:,:,10.50,:,:,:,:,:
Wolfsburg,:,:,:,:,:,:,:,:,:,:,:,8.10,:,:,:,11.20,11.20,11.20,11.20,11.20,:,:,11.90,:,:,:,:,:
Bremerhaven,:,:,:,:,:,:,:,:,:,:,:,8.00,:,:,:,13.50,13.50,13.50,13.50,13.50,:,:,14.50,:,:,:,:,:
Bottrop,:,:,:,:,:,:,:,:,:,:,:,7.30,:,:,:,8.10,8.10,8.10,8.10,8.10,:,:,4.80,:,:,:,:,:
Heilbronn,:,:,:,:,:,:,:,:,:,:,:,5.40,:,:,:,5.50,5.50,5.50,5.50,5.50,:,:,5.10,:,:,:,:,:
Remscheid,:,:,:,:,:,:,:,:,:,:,:,0.70,:,:,:,0.30,0.30,0.30,0.30,0.30,:,:,0.20,:,:,:,:,:
Offenbach am Main,:,:,:,:,:,:,:,:,:,:,:,7.20,:,:,:,9.00,9.00,9.00,9.00,9.00,:,:,8.00,:,:,:,:,:
Ulm,:,:,:,:,:,:,:,:,:,:,:,8.40,:,:,:,13.50,13.50,13.50,13.50,13.50,:,:,11.80,:,:,:,:,:
Pforzheim,:,:,:,:,:,:,:,:,:,:,:,3.30,:,:,:,1.70,1.70,1.70,1.70,1.70,:,:,0.70,:,:,:,:,:
Ingolstadt,:,:,:,:,:,:,:,:,:,:,:,10.50,:,:,:,9.90,9.90,10.00,10.00,10.00,:,:,16.90,:,:,:,:,:
Gera,:,:,:,:,:,:,:,:,:,:,:,4.80,:,:,:,6.80,6.80,6.80,6.80,6.80,:,:,4.10,:,:,:,:,:
Salzgitter,:,:,:,:,:,:,:,:,:,:,:,8.10,:,:,:,8.70,8.70,8.70,8.70,8.70,:,:,6.20,:,:,:,:,:
Reutlingen,:,:,:,:,:,:,:,:,:,:,:,6.20,:,:,:,6.30,6.30,6.30,6.30,6.30,:,:,10.90,:,:,:,:,:
Fürth,:,:,:,:,:,:,:,:,:,:,:,10.80,:,:,:,8.10,8.10,8.10,8.10,8.10,:,:,4.80,:,:,:,:,:
Cottbus,:,:,:,:,:,:,:,:,:,:,:,20.00,:,:,:,27.90,27.90,28.00,28.00,28.00,:,:,24.90,:,:,:,:,:
Siegen,:,:,:,:,:,:,:,:,:,:,:,2.10,:,:,:,3.30,3.30,3.30,3.30,3.30,:,:,4.00,:,:,:,:,:
Bergisch Gladbach,:,:,:,:,:,:,:,:,:,:,:,4.40,:,:,:,2.50,2.50,2.50,2.50,2.50,:,:,2.90,:,:,:,:,:
Hildesheim,:,:,:,:,:,:,:,:,:,:,:,9.10,:,:,:,11.70,11.70,11.70,11.70,11.70,:,:,18.30,:,:,:,:,:
Witten,:,:,:,:,:,:,:,:,:,:,:,1.30,:,:,:,1.70,1.70,1.70,1.70,1.70,:,:,2.70,:,:,:,:,:
Zwickau,:,:,:,:,:,:,:,:,:,:,:,2.90,:,:,:,2.70,2.70,2.60,2.60,2.60,:,:,6.30,:,:,:,:,:
Erlangen,:,:,:,:,:,:,:,:,:,:,:,10.80,:,:,:,32.10,32.10,32.00,32.00,32.00,:,:,28.50,:,:,:,:,:
Wuppertal,:,:,:,:,:,:,:,:,:,:,2.00,0.70,:,:,0.90,0.80,0.80,0.80,0.80,0.80,:,:,0.70,:,:,:,:,:
Jena,:,:,:,:,:,:,:,:,:,:,:,:,:,:,:,6.80,6.80,6.80,6.80,6.80,:,:,11.30,:,:,:,:,:
"Düren, Stadt",:,:,:,:,:,:,:,:,:,:,:,:,:,:,:,:,:,:,:,:,:,:,:,:,:,:,:,:
"Bocholt, Stadt",:,:,:,:,:,:,:,:,:,:,:,:,:,:,:,:,:,:,:,:,:,:,:,:,:,:,:,:
Estonia,:,:,:,:,:,2.70,:,3.30,3.80,4.20,3.40,3.30,3.00,:,2.90,:,:,:,3.30,:,:,3.30,:,:,:,2.90,2.80,:
Tallinn,:,:,:,:,:,:,:,:,:,:,:,:,:,:,:,:,:,:,:,:,:,1.00,:,:,:,0.90,1.50,:
Tartu,:,:,:,:,:,:,:,:,:,:,:,:,:,:,:,:,:,:,:,:,:,:,:,:,:,4.60,4.00,:
Narva,:,:,:,:,:,:,:,:,:,:,:,:,:,:,:,:,:,:,:,:,:,:,:,:,:,:,:,:
Ireland,:,:,:,:,:,:,4.00,:,:,:,:,:,2.00,:,:,:,:,:,:,:,:,:,:,:,:,:,:,:
Dublin,:,:,:,:,:,:,9.00,:,:,:,:,:,6.00,:,:,:,:,:,:,:,:,8.20,:,:,:,:,:,:
Dublin (greater city),:,:,:,:,:,:,:,:,:,:,:,:,:,:,:,:,:,:,:,:,:,5.30,:,:,:,:,:,:
Cork,:,:,:,:,:,:,3.00,:,:,:,:,:,2.00,:,:,:,:,:,:,:,:,2.90,:,:,:,:,:,:
Limerick,:,:,:,:,:,:,6.00,:,:,:,:,:,3.00,:,:,:,:,:,:,:,:,2.80,:,:,:,:,:,:
Galway,:,:,:,:,:,:,6.00,:,:,:,:,:,4.00,:,:,:,:,:,:,:,:,5.00,:,:,:,:,:,:
Waterford,:,:,:,:,:,:,5.00,:,:,:,:,:,2.00,:,:,:,:,:,:,:,:,2.00,:,:,:,:,:,:
Greece,:,:,:,:,:,:,:,:,:,:,:,:,:,:,:,:,:,:,:,:,:,:,:,:,:,:,:,:
Athina,:,:,:,:,:,:,:,:,:,:,:,:,:,:,:,:,:,:,:,:,:,:,:,:,:,:,:,:
Athina (greater city),:,:,:,:,:,:,:,:,:,:,:,:,:,:,:,:,:,:,:,:,:,:,:,:,:,:,:,:
Thessaloniki,:,:,:,:,:,:,:,:,:,:,:,:,:,:,:,:,:,:,:,:,:,:,:,:,:,:,:,:
Pátra,:,:,:,:,:,:,:,:,:,:,:,:,:,:,:,:,:,:,:,:,:,:,:,:,:,:,:,:
Irakleio,:,:,:,:,:,:,:,:,:,:,:,:,:,:,:,:,:,:,:,:,:,:,:,:,:,:,:,:
Larisa,:,:,:,:,:,:,:,:,:,:,:,:,:,:,:,:,:,:,:,:,:,:,:,:,:,:,:,:
Volos,:,:,:,:,:,:,:,:,:,:,:,:,:,:,:,:,:,:,:,:,:,:,:,:,:,:,:,:
Ioannina,:,:,:,:,:,:,:,:,:,:,:,:,:,:,:,:,:,:,:,:,:,:,:,:,:,:,:,:
Kavala,:,:,:,:,:,:,:,:,:,:,:,:,:,:,:,:,:,:,:,:,:,:,:,:,:,:,:,:
Kalamata,:,:,:,:,:,:,:,:,:,:,:,:,:,:,:,:,:,:,:,:,:,:,:,:,:,:,:,:
Spain,:,:,:,:,:,:,:,:,:,:,:,0.59,:,:,4.85,:,:,:,:,:,:,:,:,:,:,:,:,:
Madrid,:,:,:,:,:,:,:,:,:,:,:,0.11,:,:,0.08,:,:,:,0.20,:,:,:,:,:,:,:,:,:
Madrid,:,:,:,:,:,:,:,:,:,:,:,:,:,:,:,:,:,:,:,:,:,:,:,:,:,:,:,:
Barcelona,:,5.24,:,:,:,:,0.47,:,:,:,:,0.53,:,:,0.55,:,:,:,0.90,:,:,:,:,:,:,:,:,:
Barcelona,:,:,:,:,:,:,:,:,:,:,:,:,:,:,:,:,:,:,:,:,:,1.72,:,:,:,:,:,:
Valencia,:,:,:,:,:,:,:,:,:,:,:,0.75,:,:,0.77,:,:,:,0.97,:,:,:,:,:,:,:,:,:
Valencia,:,:,:,:,:,:,:,:,:,:,:,:,:,:,:,:,:,:,:,:,:,:,:,:,:,:,:,:
Sevilla,:,:,:,:,:,:,:,:,:,:,:,0.82,:,:,0.74,:,:,:,1.10,:,:,:,:,:,:,:,:,:
Sevilla,:,:,:,:,:,:,:,:,:,:,:,:,:,:,:,:,:,:,:,:,:,:,:,:,:,:,:,:
Zaragoza,:,:,:,:,:,:,:,:,:,:,:,0.55,:,:,0.38,:,:,:,0.44,:,:,:,:,:,:,:,:,:
Málaga,:,:,:,:,:,:,:,:,:,:,:,0.29,:,:,0.19,:,:,:,0.31,:,:,:,:,:,:,:,:,:
Murcia,:,:,:,:,:,:,:,:,:,:,:,1.23,:,:,1.01,:,:,:,1.52,:,:,:,:,:,:,:,:,:
Las Palmas,:,:,:,:,:,:,:,:,:,:,:,0.19,:,:,0.14,:,:,:,0.22,:,:,:,:,:,:,:,:,:
Valladolid,:,:,:,:,:,:,:,:,:,:,:,0.83,:,:,0.63,:,:,:,0.66,:,:,:,:,:,:,:,:,:
Palma de Mallorca,:,:,:,:,:,:,:,:,:,:,:,0.56,:,:,0.44,:,:,:,0.71,:,:,:,:,:,:,:,:,:
Santiago de Compostela,:,:,:,:,:,:,:,:,:,:,:,0.13,:,:,0.11,:,:,:,0.10,:,:,:,:,:,:,:,:,:
Vitoria/Gasteiz,:,:,:,:,:,:,:,:,:,:,:,1.77,:,:,1.38,:,:,:,1.58,:,:,:,:,:,:,:,:,:
Oviedo,:,:,:,:,:,:,:,:,:,:,:,0.14,:,:,0.14,:,:,:,0.10,:,:,:,:,:,:,:,:,:
Pamplona/Iruña,:,:,:,:,:,:,:,:,:,:,:,0.07,:,:,0.72,:,:,:,0.88,:,:,:,:,:,:,:,:,:
Pamplona/Iruña,:,:,:,:,:,:,:,:,:,:,:,:,:,:,:,:,:,:,:,:,:,:,:,:,:,:,:,:
Santander,:,:,:,:,:,:,:,:,:,:,:,0.16,:,:,0.12,:,:,:,0.13,:,:,:,:,:,:,:,:,:
Toledo,:,:,:,:,:,:,:,:,:,:,:,0.24,:,:,0.16,:,:,:,0.21,:,:,:,:,:,:,:,:,:
Badajoz,:,:,:,:,:,:,:,:,:,:,:,0.60,:,:,0.39,:,:,:,0.60,:,:,:,:,:,:,:,:,:
Logroño,:,:,:,:,:,:,:,:,:,:,:,0.58,:,:,0.44,:,:,:,0.50,:,:,:,:,:,:,:,:,:
Bilbao,:,:,:,:,:,:,:,:,:,:,:,:,:,:,0.08,:,:,:,0.10,:,:,:,:,:,:,:,:,:
Bilbao,:,:,:,:,:,:,:,:,:,:,:,:,:,:,:,:,:,:,:,:,:,1.51,:,:,:,:,:,:
Córdoba,:,:,:,:,:,:,:,:,:,:,:,:,:,:,0.57,:,:,:,1.00,:,:,:,:,:,:,:,:,:
Alicante/Alacant,:,:,:,:,:,:,:,:,:,:,:,:,:,:,0.20,:,:,:,0.39,:,:,:,:,:,:,:,:,:
Vigo,:,:,:,:,:,:,:,:,:,:,:,:,:,:,0.05,:,:,:,0.07,:,:,:,:,:,:,:,:,:
Gijón,:,:,:,:,:,:,:,:,:,:,:,:,:,:,0.37,:,:,:,0.50,:,:,:,:,:,:,:,:,:
L'Hospitalet de Llobregat,:,:,:,:,:,:,:,:,:,:,:,:,:,:,0.33,:,:,:,0.58,:,:,:,:,:,:,:,:,:
Santa Cruz de Tenerife,:,:,:,:,:,:,:,:,:,:,:,:,:,:,0.06,:,:,:,0.07,:,:,:,:,:,:,:,:,:
Santa Cruz de Tenerife,:,:,:,:,:,:,:,:,:,:,:,:,:,:,:,:,:,:,:,:,:,:,:,:,:,:,:,:
A Coruña,:,:,:,:,:,:,:,:,:,:,:,:,:,:,:,:,:,:,0.10,:,:,:,:,:,:,:,:,:
Barakaldo,:,:,:,:,:,:,:,:,:,:,:,:,:,:,:,:,:,:,:,:,:,:,:,:,:,:,:,:
Reus,:,:,:,:,:,:,:,:,:,:,:,:,:,:,:,:,:,:,:,:,:,:,:,:,:,:,:,:
Telde,:,:,:,:,:,:,:,:,:,:,:,:,:,:,:,:,:,:,:,:,:,:,:,:,:,:,:,:
Parla,:,:,:,:,:,:,:,:,:,:,:,:,:,:,:,:,:,:,:,:,:,:,:,:,:,:,:,:
Lugo,:,:,:,:,:,:,:,:,:,:,:,:,:,:,:,:,:,:,:,:,:,:,:,:,:,:,:,:
San Fernando,:,:,:,:,:,:,:,:,:,:,:,:,:,:,:,:,:,:,:,:,:,:,:,:,:,:,:,:
Girona,:,:,:,:,:,:,:,:,:,:,:,:,:,:,:,:,:,:,:,:,:,:,:,:,:,:,:,:
Cáceres,:,:,:,:,:,:,:,:,:,:,:,:,:,:,:,:,:,:,:,:,:,:,:,:,:,:,:,:
Torrevieja,:,:,:,:,:,:,:,:,:,:,:,:,:,:,:,:,:,:,:,:,:,:,:,:,:,:,:,:
Pozuelo de Alarcón,:,:,:,:,:,:,:,:,:,:,:,:,:,:,:,:,:,:,:,:,:,:,:,:,:,:,:,:
"Puerto de Santa María, El",:,:,:,:,:,:,:,:,:,:,:,:,:,:,:,:,:,:,:,:,:,:,:,:,:,:,:,:
Coslada,:,:,:,:,:,:,:,:,:,:,:,:,:,:,:,:,:,:,:,:,:,:,:,:,:,:,:,:
Avilés,:,:,:,:,:,:,:,:,:,:,:,:,:,:,:,:,:,:,:,:,:,:,:,:,:,:,:,:
Talavera de la Reina,:,:,:,:,:,:,:,:,:,:,:,:,:,:,:,:,:,:,:,:,:,:,:,:,:,:,:,:
Palencia,:,:,:,:,:,:,:,:,:,:,:,:,:,:,:,:,:,:,:,:,:,:,:,:,:,:,:,:
Sant Boi de Llobregat,:,:,:,:,:,:,:,:,:,:,:,:,:,:,:,:,:,:,:,:,:,:,:,:,:,:,:,:
Ferrol,:,:,:,:,:,:,:,:,:,:,:,:,:,:,:,:,:,:,:,:,:,:,:,:,:,:,:,:
Pontevedra,:,:,:,:,:,:,:,:,:,:,:,:,:,:,:,:,:,:,:,:,:,:,:,:,:,:,:,:
Ceuta,:,:,:,:,:,:,:,:,:,:,:,:,:,:,:,:,:,:,:,:,:,:,:,:,:,:,:,:
Gandia,:,:,:,:,:,:,:,:,:,:,:,:,:,:,:,:,:,:,:,:,:,:,:,:,:,:,:,:
"Rozas de Madrid, Las",:,:,:,:,:,:,:,:,:,:,:,:,:,:,:,:,:,:,:,:,:,:,:,:,:,:,:,:
Guadalajara,:,:,:,:,:,:,:,:,:,:,:,:,:,:,:,:,:,:,:,:,:,:,:,:,:,:,:,:
Sant Cugat del Vallès,:,:,:,:,:,:,:,:,:,:,:,:,:,:,:,:,:,:,:,:,:,:,:,:,:,:,:,:
Manresa,:,:,:,:,:,:,:,:,:,:,:,:,:,:,:,:,:,:,:,:,:,:,:,:,:,:,:,:
Getxo,:,:,:,:,:,:,:,:,:,:,:,:,:,:,:,:,:,:,:,:,:,:,:,:,:,:,:,:
Rubí,:,:,:,:,:,:,:,:,:,:,:,:,:,:,:,:,:,:,:,:,:,:,:,:,:,:,:,:
Ciudad Real,:,:,:,:,:,:,:,:,:,:,:,:,:,:,:,:,:,:,:,:,:,:,:,:,:,:,:,:
Benidorm,:,:,:,:,:,:,:,:,:,:,:,:,:,:,:,:,:,:,:,:,:,:,:,:,:,:,:,:
Melilla,:,:,:,:,:,:,:,:,:,:,:,:,:,:,:,:,:,:,:,:,:,:,:,:,:,:,:,:
Viladecans,:,:,:,:,:,:,:,:,:,:,:,:,:,:,:,:,:,:,:,:,:,:,:,:,:,:,:,:
Ponferrada,:,:,:,:,:,:,:,:,:,:,:,:,:,:,:,:,:,:,:,:,:,:,:,:,:,:,:,:
San Sebastián de los Reyes,:,:,:,:,:,:,:,:,:,:,:,:,:,:,:,:,:,:,:,:,:,:,:,:,:,:,:,:
Zamora,:,:,:,:,:,:,:,:,:,:,:,:,:,:,:,:,:,:,:,:,:,:,:,:,:,:,:,:
Fuengirola,:,:,:,:,:,:,:,:,:,:,:,:,:,:,:,:,:,:,:,:,:,:,:,:,:,:,:,:
Cerdanyola del Vallès,:,:,:,:,:,:,:,:,:,:,:,:,:,:,:,:,:,:,:,:,:,:,:,:,:,:,:,:
Sanlúcar de Barrameda,:,:,:,:,:,:,:,:,:,:,:,:,:,:,:,:,:,:,:,:,:,:,:,:,:,:,:,:
Vilanova i la Geltrú,:,:,:,:,:,:,:,:,:,:,:,:,:,:,:,:,:,:,:,:,:,:,:,:,:,:,:,:
"Prat de Llobregat, El",:,:,:,:,:,:,:,:,:,:,:,:,:,:,:,:,:,:,:,:,:,:,:,:,:,:,:,:
"Línea de la Concepción, La",:,:,:,:,:,:,:,:,:,:,:,:,:,:,:,:,:,:,:,:,:,:,:,:,:,:,:,:
Cornellà de Llobregat,:,:,:,:,:,:,:,:,:,:,:,:,:,:,:,:,:,:,:,:,:,:,:,:,:,:,:,:
Majadahonda,:,:,:,:,:,:,:,:,:,:,:,:,:,:,:,:,:,:,:,:,:,:,:,:,:,:,:,:
Torremolinos,:,:,:,:,:,:,:,:,:,:,:,:,:,:,:,:,:,:,:,:,:,:,:,:,:,:,:,:
Castelldefels,:,:,:,:,:,:,:,:,:,:,:,:,:,:,:,:,:,:,:,:,:,:,:,:,:,:,:,:
Irun,:,:,:,:,:,:,:,:,:,:,:,:,:,:,:,:,:,:,:,:,:,:,:,:,:,:,:,:
Granollers,:,:,:,:,:,:,:,:,:,:,:,:,:,:,:,:,:,:,:,:,:,:,:,:,:,:,:,:
Arrecife,:,:,:,:,:,:,:,:,:,:,:,:,:,:,:,:,:,:,:,:,:,:,:,:,:,:,:,:
Elda,:,:,:,:,:,:,:,:,:,:,:,:,:,:,:,:,:,:,:,:,:,:,:,:,:,:,:,:
Elda,:,:,:,:,:,:,:,:,:,:,:,:,:,:,:,:,:,:,:,:,:,:,:,:,:,:,:,:
Santa Lucía de Tirajana,:,:,:,:,:,:,:,:,:,:,:,:,:,:,:,:,:,:,:,:,:,:,:,:,:,:,:,:
Mollet del Vallès,:,:,:,:,:,:,:,:,:,:,:,:,:,:,:,:,:,:,:,:,:,:,:,:,:,:,:,:
Granada,:,:,:,:,:,:,:,:,:,:,:,:,:,:,:,:,:,:,:,:,:,:,:,:,:,:,:,:
Granada,:,:,:,:,:,:,:,:,:,:,:,:,:,:,:,:,:,:,:,:,:,:,:,:,:,:,:,:
Badalona,:,:,:,:,:,:,:,:,:,:,:,:,:,:,:,:,:,:,:,:,:,:,:,:,:,:,:,:
Móstoles,:,:,:,:,:,:,:,:,:,:,:,:,:,:,:,:,:,:,:,:,:,:,:,:,:,:,:,:
Elche/Elx,:,:,:,:,:,:,:,:,:,:,:,:,:,:,:,:,:,:,:,:,:,:,:,:,:,:,:,:
Cartagena,:,:,:,:,:,:,:,:,:,:,:,:,:,:,:,:,:,:,:,:,:,:,:,:,:,:,:,:
Sabadell,:,:,:,:,:,:,:,:,:,:,:,:,:,:,:,:,:,:,:,:,:,:,:,:,:,:,:,:
Jerez de la Frontera,:,:,:,:,:,:,:,:,:,:,:,:,:,:,:,:,:,:,:,:,:,:,:,:,:,:,:,:
Fuenlabrada,:,:,:,:,:,:,:,:,:,:,:,:,:,:,:,:,:,:,:,:,:,:,:,:,:,:,:,:
San Sebastián/Donostia,:,:,:,:,:,:,:,:,:,:,:,:,:,:,:,:,:,:,:,:,:,:,:,:,:,:,:,:
Alcalá de Henares,:,:,:,:,:,:,:,:,:,:,:,:,:,:,:,:,:,:,:,:,:,:,:,:,:,:,:,:
Terrassa,:,:,:,:,:,:,:,:,:,:,:,:,:,:,:,:,:,:,:,:,:,:,:,:,:,:,:,:
Leganés,:,:,:,:,:,:,:,:,:,:,:,:,:,:,:,:,:,:,:,:,:,:,:,:,:,:,:,:
Almería,:,:,:,:,:,:,:,:,:,:,:,:,:,:,:,:,:,:,:,:,:,:,:,:,:,:,:,:
Burgos,:,:,:,:,:,:,:,:,:,:,:,:,:,:,:,:,:,:,:,:,:,:,:,:,:,:,:,:
Salamanca,:,:,:,:,:,:,:,:,:,:,:,:,:,:,:,:,:,:,:,:,:,:,:,:,:,:,:,:
Alcorcón,:,:,:,:,:,:,:,:,:,:,:,:,:,:,:,:,:,:,:,:,:,:,:,:,:,:,:,:
Getafe,:,:,:,:,:,:,:,:,:,:,:,:,:,:,:,:,:,:,:,:,:,:,:,:,:,:,:,:
Albacete,:,:,:,:,:,:,:,:,:,:,:,:,:,:,:,:,:,:,:,:,:,:,:,:,:,:,:,:
Castellón de la Plana/Castelló de la Plana,:,:,:,:,:,:,:,:,:,:,:,:,:,:,:,:,:,:,:,:,:,:,:,:,:,:,:,:
Huelva,:,:,:,:,:,:,:,:,:,:,:,:,:,:,:,:,:,:,:,:,:,:,:,:,:,:,:,:
Cádiz,:,:,:,:,:,:,:,:,:,:,:,:,:,:,:,:,:,:,:,:,:,:,:,:,:,:,:,:
León,:,:,:,:,:,:,:,:,:,:,:,:,:,:,:,:,:,:,:,:,:,:,:,:,:,:,:,:
San Cristóbal de la Laguna,:,:,:,:,:,:,:,:,:,:,:,:,:,:,:,:,:,:,:,:,:,:,:,:,:,:,:,:
Tarragona,:,:,:,:,:,:,:,:,:,:,:,:,:,:,:,:,:,:,:,:,:,:,:,:,:,:,:,:
Santa Coloma de Gramenet,:,:,:,:,:,:,:,:,:,:,:,:,:,:,:,:,:,:,:,:,:,:,:,:,:,:,:,:
Jaén,:,:,:,:,:,:,:,:,:,:,:,:,:,:,:,:,:,:,:,:,:,:,:,:,:,:,:,:
Lleida,:,:,:,:,:,:,:,:,:,:,:,:,:,:,:,:,:,:,:,:,:,:,:,:,:,:,:,:
Ourense,:,:,:,:,:,:,:,:,:,:,:,:,:,:,:,:,:,:,:,:,:,:,:,:,:,:,:,:
Mataró,:,:,:,:,:,:,:,:,:,:,:,:,:,:,:,:,:,:,:,:,:,:,:,:,:,:,:,:
Dos Hermanas,:,:,:,:,:,:,:,:,:,:,:,:,:,:,:,:,:,:,:,:,:,:,:,:,:,:,:,:
Algeciras,:,:,:,:,:,:,:,:,:,:,:,:,:,:,:,:,:,:,:,:,:,:,:,:,:,:,:,:
Marbella,:,:,:,:,:,:,:,:,:,:,:,:,:,:,:,:,:,:,:,:,:,:,:,:,:,:,:,:
Torrejón de Ardoz,:,:,:,:,:,:,:,:,:,:,:,:,:,:,:,:,:,:,:,:,:,:,:,:,:,:,:,:
Alcobendas,:,:,:,:,:,:,:,:,:,:,:,:,:,:,:,:,:,:,:,:,:,:,:,:,:,:,:,:
Alcalá de Guadaíra,:,:,:,:,:,:,:,:,:,:,:,:,:,:,:,:,:,:,:,:,:,:,:,:,:,:,:,:
Alcoy,:,:,:,:,:,:,:,:,:,:,:,:,:,:,:,:,:,:,:,:,:,:,:,:,:,:,:,:
Ávila,:,:,:,:,:,:,:,:,:,:,:,:,:,:,:,:,:,:,:,:,:,:,:,:,:,:,:,:
Benalmádena,:,:,:,:,:,:,:,:,:,:,:,:,:,:,:,:,:,:,:,:,:,:,:,:,:,:,:,:
Chiclana de la Frontera,:,:,:,:,:,:,:,:,:,:,:,:,:,:,:,:,:,:,:,:,:,:,:,:,:,:,:,:
Collado Villalba,:,:,:,:,:,:,:,:,:,:,:,:,:,:,:,:,:,:,:,:,:,:,:,:,:,:,:,:
Cuenca,:,:,:,:,:,:,:,:,:,:,:,:,:,:,:,:,:,:,:,:,:,:,:,:,:,:,:,:
Eivissa,:,:,:,:,:,:,:,:,:,:,:,:,:,:,:,:,:,:,:,:,:,:,:,:,:,:,:,:
Linares,:,:,:,:,:,:,:,:,:,:,:,:,:,:,:,:,:,:,:,:,:,:,:,:,:,:,:,:
Lorca,:,:,:,:,:,:,:,:,:,:,:,:,:,:,:,:,:,:,:,:,:,:,:,:,:,:,:,:
Mérida,:,:,:,:,:,:,:,:,:,:,:,:,:,:,:,:,:,:,:,:,:,:,:,:,:,:,:,:
Sagunto,:,:,:,:,:,:,:,:,:,:,:,:,:,:,:,:,:,:,:,:,:,:,:,:,:,:,:,:
Torrelavega,:,:,:,:,:,:,:,:,:,:,:,:,:,:,:,:,:,:,:,:,:,:,:,:,:,:,:,:
Valdemoro,:,:,:,:,:,:,:,:,:,:,:,:,:,:,:,:,:,:,:,:,:,:,:,:,:,:,:,:
Puerto de la Cruz,:,:,:,:,:,:,:,:,:,:,:,:,:,:,:,:,:,:,:,:,:,:,:,:,:,:,:,:
Puerto de la Cruz,:,:,:,:,:,:,:,:,:,:,:,:,:,:,:,:,:,:,:,:,:,:,:,:,:,:,:,:
Paterna,:,:,:,:,:,:,:,:,:,:,:,:,:,:,:,:,:,:,:,:,:,:,:,:,:,:,:,:
Igualada,:,:,:,:,:,:,:,:,:,:,:,:,:,:,:,:,:,:,:,:,:,:,:,:,:,:,:,:
Igualada,:,:,:,:,:,:,:,:,:,:,:,:,:,:,:,:,:,:,:,:,:,:,:,:,:,:,:,:
Torrent,:,:,:,:,:,:,:,:,:,:,:,:,:,:,:,:,:,:,:,:,:,:,:,:,:,:,:,:
Mislata,:,:,:,:,:,:,:,:,:,:,:,:,:,:,:,:,:,:,:,:,:,:,:,:,:,:,:,:
Rivas-Vaciamadrid,:,:,:,:,:,:,:,:,:,:,:,:,:,:,:,:,:,:,:,:,:,:,:,:,:,:,:,:
Santurtzi,:,:,:,:,:,:,:,:,:,:,:,:,:,:,:,:,:,:,:,:,:,:,:,:,:,:,:,:
Esplugues de Llobregat,:,:,:,:,:,:,:,:,:,:,:,:,:,:,:,:,:,:,:,:,:,:,:,:,:,:,:,:
San Vicente del Raspeig/Sant Vicent del Raspeig,:,:,:,:,:,:,:,:,:,:,:,:,:,:,:,:,:,:,:,:,:,:,:,:,:,:,:,:
France,:,:,:,:,:,:,:,:,:,:,:,:,:,:,:,:,:,2.00,:,:,:,2.18,:,:,:,:,:,:
Paris,:,:,:,:,:,:,:,:,:,:,:,:,2.53,:,:,:,:,3.00,:,:,:,3.12,:,:,:,:,:,:
Paris (greater city),:,:,:,:,:,:,:,:,:,:,:,:,:,:,:,:,:,:,:,:,:,:,:,:,:,:,:,:
Lyon,:,:,:,:,:,:,:,:,:,:,:,:,:,:,:,:,:,3.00,:,:,:,2.94,:,:,:,:,:,:
Toulouse,:,:,:,:,:,:,:,:,:,:,:,:,:,:,:,:,:,5.00,:,:,:,5.10,:,:,:,:,:,:
Strasbourg,:,:,:,:,:,:,:,:,:,:,:,:,:,:,:,:,:,6.00,:,:,:,6.71,:,:,:,:,:,:
Bordeaux,:,:,:,:,:,:,:,:,2.56,:,:,:,:,:,:,:,:,4.00,:,:,:,4.63,:,:,:,:,:,:
Nantes,2.73,:,:,:,:,:,:,:,:,:,:,:,:,:,:,:,:,4.00,:,:,:,4.01,:,:,:,:,:,:
Lille,:,:,:,:,:,:,:,:,3.36,:,:,:,:,:,:,:,:,3.00,:,:,:,2.49,:,:,:,:,:,:
Montpellier,:,:,:,:,:,:,:,:,:,:,:,:,:,3.03,:,:,:,5.00,:,:,:,5.51,:,:,:,:,:,:
Saint-Etienne,:,:,:,:,:,:,:,:,:,:,:,1.11,:,:,:,:,:,2.00,:,:,:,1.71,:,:,:,:,:,:
Le Havre,:,:,1.05,:,:,:,:,:,:,:,:,:,:,:,:,:,:,3.00,:,:,:,3.36,:,:,:,:,:,:
Rennes,:,:,:,:,:,:,:,:,:,:,:,:,:,:,:,:,:,4.00,:,:,:,4.63,:,:,:,:,:,:
Amiens,:,:,:,:,:,:,:,:,:,:,:,:,:,:,:,:,:,5.00,:,:,:,5.33,:,:,:,:,:,:
Nancy,:,1.52,:,:,:,:,:,:,:,:,:,:,:,:,:,:,:,3.00,:,:,:,3.60,:,:,:,:,:,:
Metz,:,:,:,:,:,:,:,:,:,:,:,:,:,:,:,:,:,3.00,:,:,:,2.82,:,:,:,:,:,:
Reims,:,:,:,:,:,:,2.05,:,:,:,:,:,:,:,:,:,:,5.00,:,:,:,4.84,:,:,:,:,:,:
Orléans,:,:,:,:,:,:,:,:,:,:,:,:,:,:,:,:,:,3.00,:,:,:,2.79,:,:,:,:,:,:
Dijon,:,:,:,:,:,:,:,:,:,:,:,:,:,:,:,:,:,5.00,:,:,:,5.05,:,:,:,:,:,:
Poitiers,:,:,:,:,:,:,:,:,:,:,:,:,:,:,:,:,:,5.00,:,:,:,5.48,:,:,:,:,:,:
Clermont-Ferrand,:,:,:,:,:,:,:,:,:,:,:,:,:,:,:,:,:,3.00,:,:,:,3.34,:,:,:,:,:,:
Caen,:,:,:,:,:,:,:,:,:,:,:,:,:,:,:,:,:,3.00,:,:,:,3.46,:,:,:,:,:,:
Limoges,:,:,:,:,:,:,:,:,:,:,:,:,:,:,:,:,:,3.00,:,:,:,3.30,:,:,:,:,:,:
Besançon,:,:,:,:,:,:,:,:,:,:,:,:,:,:,1.80,:,:,4.00,:,:,:,4.32,:,:,:,:,:,:
Grenoble,:,:,:,:,:,:,:,:,:,:,:,:,:,:,:,:,:,5.00,:,:,:,5.02,:,:,:,:,:,:
Ajaccio,:,:,:,:,:,:,:,:,:,:,:,:,:,:,:,:,:,4.00,:,:,:,5.25,:,:,:,:,:,:
Saint Denis,:,:,:,:,:,:,:,:,:,:,:,:,:,:,:,:,:,:,:,:,:,:,:,:,:,:,:,:
Fort-de-France,:,:,:,:,:,:,:,:,:,:,0.22,:,:,:,:,:,:,:,:,:,:,:,:,:,:,:,:,:
Toulon,:,:,:,:,:,:,:,:,:,:,:,:,:,:,:,:,:,4.00,:,:,:,4.27,:,:,:,:,:,:
Valenciennes,:,:,:,:,:,:,:,:,:,:,:,:,:,:,:,:,:,3.00,:,:,:,2.10,:,:,:,:,:,:
Tours,:,:,:,:,:,:,:,:,:,:,:,:,:,:,:,:,:,5.00,:,:,:,5.31,:,:,:,:,:,:
Angers,:,:,:,:,:,:,:,:,:,:,:,:,:,:,:,:,:,5.00,:,:,:,5.59,:,:,:,:,:,:
Brest,:,:,:,:,:,:,:,:,:,:,:,:,:,:,:,:,:,4.00,:,:,:,4.25,:,:,:,:,:,:
Le Mans,:,:,:,:,:,:,:,:,:,:,:,:,:,:,:,:,:,4.00,:,:,:,4.09,:,:,:,:,:,:
Avignon,:,:,:,:,:,:,:,:,:,:,:,:,:,:,:,:,:,4.00,:,:,:,3.79,:,:,:,:,:,:
Mulhouse,:,:,:,:,:,:,:,:,:,:,:,:,:,:,:,:,:,2.00,:,:,:,1.93,:,:,:,:,:,:
Dunkerque,:,4.60,:,:,:,:,:,:,:,:,:,:,:,:,:,:,:,3.00,:,:,:,2.94,:,:,:,:,:,:
Perpignan,:,:,:,:,:,:,:,:,:,:,:,:,:,:,:,:,:,3.00,:,:,:,3.08,:,:,:,:,:,:
Nîmes,:,:,:,:,:,:,:,:,:,:,:,:,:,:,:,:,:,4.00,:,:,:,3.87,:,:,:,:,:,:
Pau,:,:,:,:,:,:,:,:,:,:,:,:,:,:,:,:,:,4.00,:,:,:,4.24,:,:,:,:,:,:
Bayonne,:,:,:,:,:,:,:,:,:,:,:,:,:,:,:,:,:,3.00,:,:,:,3.41,:,:,:,:,:,:
Annemasse,:,:,:,:,:,:,:,:,:,:,:,:,:,:,:,:,:,2.00,:,:,:,1.98,:,:,:,:,:,:
Annecy,:,:,:,:,:,:,:,:,:,:,:,:,:,:,:,:,:,3.00,:,:,:,3.15,:,:,:,:,:,:
Lorient,:,:,:,:,:,:,:,:,:,:,:,:,:,:,:,:,:,3.00,:,:,:,2.84,:,:,:,:,:,:
Montbéliard,:,:,:,:,:,:,:,:,:,:,:,:,:,:,:,:,:,2.00,:,:,:,1.74,:,:,:,:,:,:
Troyes,:,:,:,:,:,:,:,:,:,:,:,:,:,:,:,:,:,4.00,:,:,:,3.66,:,:,:,:,:,:
Saint-Nazaire,:,:,:,:,:,:,:,:,:,:,:,:,:,:,:,:,:,4.00,:,:,:,3.41,:,:,:,:,:,:
La Rochelle,:,:,:,:,:,:,:,:,:,:,:,:,:,:,:,:,:,6.00,:,:,:,5.60,:,:,:,:,:,:
Angoulême,:,:,:,:,:,:,:,:,:,:,:,:,:,:,:,:,:,2.00,:,:,:,2.01,:,:,:,:,:,:
Boulogne-sur-Mer,:,:,:,:,:,:,:,:,:,:,:,:,:,:,:,:,:,2.00,:,:,:,1.46,:,:,:,:,:,:
Chambéry,:,:,:,:,:,:,:,:,:,:,:,:,:,:,:,:,:,3.00,:,:,:,3.15,:,:,:,:,:,:
Chalon-sur-Saône,:,:,:,:,:,:,:,:,:,:,:,:,:,:,:,:,:,2.00,:,:,:,2.43,:,:,:,:,:,:
Chartres,:,:,:,:,:,:,:,:,:,:,:,:,:,:,:,:,:,2.00,:,:,:,2.18,:,:,:,:,:,:
Niort,:,:,:,:,:,:,:,:,:,:,:,:,:,:,:,:,:,3.00,:,:,:,2.91,:,:,:,:,:,:
Calais,:,:,:,:,:,:,:,:,:,:,:,:,:,:,:,:,:,3.00,:,:,:,3.38,:,:,:,:,:,:
Béziers,:,:,:,:,:,:,:,:,:,:,:,:,:,:,:,:,:,2.00,:,:,:,2.41,:,:,:,:,:,:
Arras,:,:,:,:,:,:,:,:,:,:,:,:,:,:,:,:,:,2.00,:,:,:,2.02,:,:,:,:,:,:
Bourges,:,:,:,:,:,:,:,:,:,:,:,:,:,:,:,:,:,3.00,:,:,:,2.90,:,:,:,:,:,:
Saint-Brieuc,:,:,:,:,:,:,:,:,:,:,:,:,:,:,:,:,:,2.00,:,:,:,2.24,:,:,:,:,:,:
Quimper,:,:,:,:,:,:,:,:,:,:,:,:,:,:,:,:,:,3.00,:,:,:,2.57,:,:,:,:,:,:
Vannes,:,:,:,:,:,:,:,:,:,:,:,:,:,:,:,:,:,3.00,:,:,:,2.62,:,:,:,:,:,:
Cherbourg,:,:,:,:,6.00,:,:,:,:,:,:,:,:,:,:,:,:,3.00,:,:,:,3.36,:,:,:,:,:,:
Tarbes,:,:,:,:,:,:,:,:,:,:,:,:,:,:,:,:,:,5.00,:,:,:,4.67,:,:,:,:,:,:
Compiègne,:,:,:,:,:,:,:,:,:,:,:,:,:,:,:,:,:,3.00,:,:,:,2.82,:,:,:,:,:,:
Belfort,:,:,:,:,:,:,:,:,:,:,:,:,:,:,:,:,:,3.00,:,:,:,3.22,:,:,:,:,:,:
Roanne,:,:,:,:,:,:,:,:,:,:,:,:,:,:,:,:,:,3.00,:,:,:,3.35,:,:,:,:,:,:
Saint-Quentin,:,:,:,:,:,:,:,:,:,:,:,:,:,:,:,:,:,2.00,:,:,:,2.18,:,:,:,:,:,:
Beauvais,:,:,:,:,:,:,:,:,:,:,:,:,:,:,:,:,:,2.00,:,:,:,2.35,:,:,:,:,:,:
Creil,:,:,:,:,:,:,:,:,:,:,:,:,:,:,:,:,:,1.00,:,:,:,1.04,:,:,:,:,:,:
Evreux,:,:,:,:,:,:,:,:,:,:,:,:,:,:,:,:,:,2.00,:,:,:,1.93,:,:,:,:,:,:
Châteauroux,:,:,:,:,:,:,:,:,:,:,:,:,:,:,:,:,:,3.00,:,:,:,2.98,:,:,:,:,:,:
Brive-la-Gaillarde,:,:,:,:,:,:,:,:,:,:,:,:,:,:,:,:,:,3.00,:,:,:,2.54,:,:,:,:,:,:
Albi,:,:,:,:,:,:,:,:,:,:,:,:,:,:,:,:,:,5.00,:,:,:,4.61,:,:,:,:,:,:
Fréjus,:,:,:,:,:,:,:,:,:,:,:,:,:,:,:,:,:,3.00,:,:,:,2.98,:,:,:,:,:,:
Châlons-en-Champagne,:,:,:,:,:,:,:,:,:,:,:,:,:,:,:,:,:,3.00,:,:,:,3.13,:,:,:,:,:,:
Aubagne,:,:,:,:,:,:,:,:,:,:,:,:,:,:,:,:,:,1.00,:,:,:,0.98,:,:,:,:,:,:
Aix-en-Provence,:,:,:,:,:,:,:,0.91,:,:,:,:,:,:,:,:,:,3.00,:,:,:,2.90,:,:,:,:,:,:
Marseille,:,:,:,:,:,:,:,0.64,:,:,:,:,:,:,:,:,:,4.00,:,:,:,4.24,:,:,:,:,:,:
Nice,:,:,:,:,:,:,:,:,:,:,:,:,:,:,:,:,:,6.00,:,:,:,5.60,:,:,:,:,:,:
CA de Sophia-Antipolis,:,:,:,:,:,:,:,:,:,:,:,:,:,:,:,:,:,3.00,:,:,:,2.99,:,:,:,:,:,:
Lens - Liévin,:,:,:,:,:,:,:,:,:,:,:,:,:,:,:,:,:,2.00,:,:,:,1.36,:,:,:,:,:,:
Hénin - Carvin,:,:,:,:,:,:,:,:,:,:,:,:,:,:,:,:,:,2.00,:,:,:,1.83,:,:,:,:,:,:
Douai,:,:,:,:,:,:,:,:,:,:,:,:,:,:,:,:,:,3.00,:,:,:,2.52,:,:,:,:,:,:
Marne la Vallée,:,:,:,:,:,:,:,:,:,:,:,:,:,:,:,:,:,1.00,:,:,:,0.96,:,:,:,:,:,:
Versailles,:,:,:,:,:,:,:,:,:,:,:,:,:,:,:,:,:,2.00,:,:,:,1.80,:,:,:,:,:,:
CC de la Boucle de la Seine,:,:,:,:,:,:,:,:,:,:,:,:,:,:,:,:,:,1.00,:,:,:,1.35,:,:,:,:,:,:
Sénart en Essonne,:,:,:,:,:,:,:,:,:,:,:,:,:,:,:,:,:,1.00,:,:,:,0.70,:,:,:,:,:,:
Valence,:,:,:,:,:,:,:,:,:,:,:,:,:,:,:,:,:,4.00,:,:,:,3.72,:,:,:,:,:,:
Rouen,:,:,:,:,:,:,:,:,:,:,:,:,:,:,:,:,:,2.00,:,:,:,2.21,:,:,:,:,:,:
CA Marne et Chantereine,:,:,:,:,:,:,:,:,:,:,:,:,:,:,:,:,:,1.00,:,:,:,0.76,:,:,:,:,:,:
CA des deux Rives de la Seine,:,:,:,:,:,:,:,:,:,:,:,:,:,:,:,:,:,1.00,:,:,:,0.53,:,:,:,:,:,:
CC des Coteaux de la Seine,:,:,:,:,:,:,:,:,:,:,:,:,:,:,:,:,:,1.00,:,:,:,0.97,:,:,:,:,:,:
CA Europ' Essonne,:,:,:,:,:,:,:,:,:,:,:,:,:,:,:,:,:,1.00,:,:,:,0.83,:,:,:,:,:,:
CA Brie Francilienne,:,:,:,:,:,:,:,:,:,:,:,:,:,:,:,:,:,1.00,:,:,:,0.69,:,:,:,:,:,:
CA les Portes de l'Essonne,:,:,:,:,:,:,:,:,:,:,:,:,:,:,:,:,:,1.00,:,:,:,0.70,:,:,:,:,:,:
CA Val et Forêt,:,:,:,:,:,:,:,:,:,:,:,:,:,:,:,:,:,1.00,:,:,:,0.83,:,:,:,:,:,:
CC de l'Ouest de la Plaine de France,:,:,:,:,:,:,:,:,:,:,:,:,:,:,:,:,:,1.00,:,:,:,0.49,:,:,:,:,:,:
CA le Parisis,:,:,:,:,:,:,:,:,:,:,:,:,:,:,:,:,:,1.00,:,:,:,0.67,:,:,:,:,:,:
Melun,:,:,:,:,:,:,:,:,:,:,:,:,:,:,:,:,:,1.00,:,:,:,0.88,:,:,:,:,:,:
Meaux,:,:,:,:,:,:,:,:,:,:,:,:,:,:,:,:,:,1.00,:,:,:,1.04,:,:,:,:,:,:
Mantes en Yvelines,:,:,:,:,:,:,:,:,:,:,:,:,:,:,:,:,:,1.00,:,:,:,0.89,:,:,:,:,:,:
Evry,:,:,:,:,:,:,:,:,:,:,:,:,:,:,:,:,:,1.00,:,:,:,1.24,:,:,:,:,:,:
CA du Plateau de Saclay,:,:,:,:,:,:,:,:,:,:,:,:,:,:,:,:,:,2.00,:,:,:,1.74,:,:,:,:,:,:
CA de Seine Essonne,:,:,:,:,:,:,:,:,:,:,:,:,:,:,:,:,:,1.00,:,:,:,0.90,:,:,:,:,:,:
CA du Val d'Orge,:,:,:,:,:,:,:,:,:,:,:,:,:,:,:,:,:,1.00,:,:,:,0.67,:,:,:,:,:,:
CA du Val d'Yerres,:,:,:,:,:,:,:,:,:,:,:,:,:,:,:,:,:,1.00,:,:,:,0.57,:,:,:,:,:,:
CA Sénart - Val de Seine,:,:,:,:,:,:,:,:,:,:,:,:,:,:,:,:,:,1.00,:,:,:,0.71,:,:,:,:,:,:
CA Val de France,:,:,:,:,:,:,:,:,:,:,:,:,:,:,:,:,:,1.00,:,:,:,0.68,:,:,:,:,:,:
CA de la Vallée de Montmorency,:,:,:,:,:,:,:,:,:,:,:,:,:,:,:,:,:,1.00,:,:,:,0.92,:,:,:,:,:,:
Martigues,:,:,:,:,:,:,:,:,:,:,:,:,:,:,:,:,:,1.00,:,:,:,1.09,:,:,:,:,:,:
Argenteuil - Bezons,:,:,:,:,:,:,:,:,:,:,:,:,:,:,:,:,:,1.00,:,:,:,1.52,:,:,:,:,:,:
Cergy-Pontoise,:,:,:,:,:,:,:,:,:,:,:,:,:,:,:,:,:,1.00,:,:,:,1.31,:,:,:,:,:,:
Charleville-Mézières,:,:,:,:,:,:,:,:,:,:,:,:,:,:,:,:,:,2.00,:,:,:,1.95,:,:,:,:,:,:
Colmar,:,:,:,:,:,:,:,:,:,:,:,:,:,:,:,:,:,5.00,:,:,:,5.83,:,:,:,:,:,:
CA des Lacs de l'Essonne,:,:,:,:,:,:,:,:,:,:,:,:,:,:,:,:,:,1.00,:,:,:,0.62,:,:,:,:,:,:
Saint-Quentin en Yvelines,:,:,:,:,:,:,:,:,:,:,:,:,:,:,:,:,:,1.00,:,:,:,1.05,:,:,:,:,:,:
Cannes,:,:,:,:,:,:,:,:,:,:,:,:,:,:,:,:,:,:,:,:,:,:,:,:,:,:,:,:
Zagreb,:,:,:,:,:,:,:,:,:,:,:,:,:,:,:,:,:,:,:,:,:,:,:,:,:,:,:,:
Rijeka,:,:,:,:,:,:,:,:,:,:,:,:,:,:,:,:,:,:,:,:,:,:,:,:,:,:,:,:
Slavonski Brod,:,:,:,:,:,:,:,:,:,:,:,:,:,:,:,:,:,:,:,:,:,:,:,:,:,:,:,:
Osijek,:,:,:,:,:,:,:,:,:,:,:,:,:,:,:,:,:,:,:,:,:,:,:,:,:,:,:,:
Split,:,:,:,:,:,:,:,:,:,:,:,:,:,:,:,:,:,:,:,:,:,:,:,:,:,:,:,:
Pula - Pola,:,:,:,:,:,:,:,:,:,:,:,:,:,:,:,:,:,:,:,:,:,:,:,:,:,:,:,:
Zadar,:,:,:,:,:,:,:,:,:,:,:,:,:,:,:,:,:,:,:,:,:,:,:,:,:,:,:,:
Italy,:,3.82,:,:,:,:,:,:,:,:,:,:,:,:,:,:,:,:,:,:,:,:,:,:,:,:,:,:
Roma,:,0.27,:,:,:,:,:,:,:,:,:,0.25,:,:,:,:,:,:,:,:,:,:,:,:,:,:,:,:
Milano,:,1.38,:,:,:,:,:,:,:,:,:,2.05,:,:,:,:,:,:,:,:,:,:,:,:,:,:,:,:
Milano (greater city),:,:,:,:,:,:,:,:,:,:,:,:,:,:,:,:,:,:,:,:,:,:,:,:,:,:,:,:
Napoli,:,0.15,:,:,:,:,:,:,:,:,:,0.11,:,:,:,:,:,:,:,:,:,:,:,:,:,:,:,:
Napoli (greater city),:,:,:,:,:,:,:,:,:,:,:,:,:,:,:,:,:,:,:,:,:,:,:,:,:,:,:,:
Torino,:,0.87,:,:,:,:,:,:,:,:,:,1.37,:,:,1.47,:,:,:,:,:,:,:,:,:,:,:,:,:
Palermo,:,0.44,:,:,:,:,:,:,:,:,:,0.70,:,:,:,:,:,:,:,:,:,:,:,:,:,:,:,:
Genova,:,0.20,:,:,:,:,:,:,:,:,:,0.12,:,:,:,:,:,:,:,:,:,:,:,:,:,:,:,:
Firenze,:,3.23,:,:,:,:,:,:,:,:,:,4.04,:,:,:,:,:,:,:,:,:,:,:,:,:,:,:,:
Bari,:,0.82,:,:,:,:,:,:,:,:,:,1.09,:,:,:,:,:,:,:,:,:,:,:,:,:,:,:,:
Bologna,:,3.96,:,:,:,:,:,:,:,:,:,4.03,:,:,:,:,:,:,:,:,:,:,:,:,:,:,:,:
Catania,:,0.19,:,:,:,:,:,:,:,:,:,0.22,:,:,:,:,:,:,:,:,:,:,:,:,:,:,:,:
Venezia,:,3.21,:,:,:,:,:,:,:,:,:,5.35,:,:,:,:,:,:,:,:,:,:,:,:,:,:,:,:
Verona,:,5.69,:,:,:,:,:,:,:,:,:,4.66,:,:,:,:,:,:,:,:,:,:,:,:,:,:,:,:
Cremona,:,8.65,:,:,:,:,:,:,:,:,:,10.85,:,:,:,:,:,:,:,:,:,:,:,:,:,:,:,:
Trento,:,3.53,:,:,:,:,:,:,:,:,:,4.70,:,:,:,:,:,:,:,:,:,:,:,:,:,:,:,:
Trieste,:,0.28,:,:,:,:,:,:,:,:,:,0.34,:,:,:,:,:,:,:,:,:,:,:,:,:,:,:,:
Perugia,:,0.36,:,:,:,:,:,:,:,:,:,0.19,:,:,:,:,:,:,:,:,:,:,:,:,:,:,:,:
Ancona,:,0.25,:,:,:,:,:,:,:,:,:,0.09,:,:,:,:,:,:,:,:,:,:,:,:,:,:,:,:
Pescara,:,1.76,:,:,:,:,:,:,:,:,:,1.95,:,:,:,:,:,:,:,:,:,:,:,:,:,:,:,:
Campobasso,:,0.08,:,:,:,:,:,:,:,:,:,0.05,:,:,:,:,:,:,:,:,:,:,:,:,:,:,:,:
Caserta,:,1.10,:,:,:,:,:,:,:,:,:,1.61,:,:,:,:,:,:,:,:,:,:,:,:,:,:,:,:
Taranto,:,0.43,:,:,:,:,:,:,:,:,:,0.52,:,:,:,:,:,:,:,:,:,:,:,:,:,:,:,:
Potenza,:,0.02,:,:,:,:,:,:,:,:,:,0.02,:,:,:,:,:,:,:,:,:,:,:,:,:,:,:,:
Catanzaro,:,0.07,:,:,:,:,:,:,:,:,:,0.04,:,:,:,:,:,:,:,:,:,:,:,:,:,:,:,:
Reggio di Calabria,:,0.18,:,:,:,:,:,:,:,:,:,0.12,:,:,:,:,:,:,:,:,:,:,:,:,:,:,:,:
Sassari,:,0.12,:,:,:,:,:,:,:,:,:,0.08,:,:,:,:,:,:,:,:,:,:,:,:,:,:,:,:
Cagliari,:,0.28,:,:,:,:,:,:,:,:,:,0.19,:,:,:,:,:,:,:,:,:,:,:,:,:,:,:,:
Padova,:,:,:,:,:,:,:,:,:,:,:,:,:,:,:,:,:,:,:,:,:,:,:,:,:,:,:,:
Brescia,:,:,:,:,:,:,:,:,:,:,:,:,:,:,:,:,:,:,:,:,:,:,:,:,:,:,:,:
Modena,:,:,:,:,:,:,:,:,:,:,:,:,:,:,:,:,:,:,:,:,:,:,:,:,:,:,:,:
Foggia,:,:,:,:,:,:,:,:,:,:,:,:,:,:,:,:,:,:,:,:,:,:,:,:,:,:,:,:
Salerno,:,:,:,:,:,:,:,:,:,:,:,:,:,:,:,:,:,:,:,:,:,:,:,:,:,:,:,:
Piacenza,:,:,:,:,:,:,:,:,:,:,:,:,:,:,:,:,:,:,:,:,:,:,:,:,:,:,:,:
Bolzano,:,:,:,:,:,:,:,:,:,:,:,:,:,:,:,:,:,:,:,:,:,:,:,:,:,:,:,:
Udine,:,:,:,:,:,:,:,:,:,:,:,:,:,:,:,:,:,:,:,:,:,:,:,:,:,:,:,:
La Spezia,:,:,:,:,:,:,:,:,:,:,:,:,:,:,:,:,:,:,:,:,:,:,:,:,:,:,:,:
Lecce,:,:,:,:,:,:,:,:,:,:,:,:,:,:,:,:,:,:,:,:,:,:,:,:,:,:,:,:
Barletta,:,:,:,:,:,:,:,:,:,:,:,:,:,:,:,:,:,:,:,:,:,:,:,:,:,:,:,:
Pesaro,:,:,:,:,:,:,:,:,:,:,:,:,:,:,:,:,:,:,:,:,:,:,:,:,:,:,:,:
Como,:,:,:,:,:,:,:,:,:,:,:,:,:,:,:,:,:,:,:,:,:,:,:,:,:,:,:,:
Pisa,:,:,:,:,:,:,:,:,:,:,:,:,:,:,:,:,:,:,:,:,:,:,:,:,:,:,:,:
Treviso,:,:,:,:,:,:,:,:,:,:,:,:,:,:,:,:,:,:,:,:,:,:,:,:,:,:,:,:
Varese,:,:,:,:,:,:,:,:,:,:,:,:,:,:,:,:,:,:,:,:,:,:,:,:,:,:,:,:
Busto Arsizio,:,:,:,:,:,:,:,:,:,:,:,:,:,:,:,:,:,:,:,:,:,:,:,:,:,:,:,:
Asti,:,:,:,:,:,:,:,:,:,:,:,:,:,:,:,:,:,:,:,:,:,:,:,:,:,:,:,:
Pavia,:,:,:,:,:,:,:,:,:,:,:,:,:,:,:,:,:,:,:,:,:,:,:,:,:,:,:,:
Massa,:,:,:,:,:,:,:,:,:,:,:,:,:,:,:,:,:,:,:,:,:,:,:,:,:,:,:,:
Cosenza,:,:,:,:,:,:,:,:,:,:,:,:,:,:,:,:,:,:,:,:,:,:,:,:,:,:,:,:
Savona,:,:,:,:,:,:,:,:,:,:,:,:,:,:,:,:,:,:,:,:,:,:,:,:,:,:,:,:
Matera,:,:,:,:,:,:,:,:,:,:,:,:,:,:,:,:,:,:,:,:,:,:,:,:,:,:,:,:
Acireale,:,:,:,:,:,:,:,:,:,:,:,:,:,:,:,:,:,:,:,:,:,:,:,:,:,:,:,:
Avellino,:,:,:,:,:,:,:,:,:,:,:,:,:,:,:,:,:,:,:,:,:,:,:,:,:,:,:,:
Pordenone,:,:,:,:,:,:,:,:,:,:,:,:,:,:,:,:,:,:,:,:,:,:,:,:,:,:,:,:
Lecco,:,:,:,:,:,:,:,:,:,:,:,:,:,:,:,:,:,:,:,:,:,:,:,:,:,:,:,:
Altamura,:,:,:,:,:,:,:,:,:,:,:,:,:,:,:,:,:,:,:,:,:,:,:,:,:,:,:,:
Bitonto,:,:,:,:,:,:,:,:,:,:,:,:,:,:,:,:,:,:,:,:,:,:,:,:,:,:,:,:
Molfetta,:,:,:,:,:,:,:,:,:,:,:,:,:,:,:,:,:,:,:,:,:,:,:,:,:,:,:,:
Battipaglia,:,:,:,:,:,:,:,:,:,:,:,:,:,:,:,:,:,:,:,:,:,:,:,:,:,:,:,:
Bisceglie,:,:,:,:,:,:,:,:,:,:,:,:,:,:,:,:,:,:,:,:,:,:,:,:,:,:,:,:
Carpi,:,:,:,:,:,:,:,:,:,:,:,:,:,:,:,:,:,:,:,:,:,:,:,:,:,:,:,:
Cerignola,:,:,:,:,:,:,:,:,:,:,:,:,:,:,:,:,:,:,:,:,:,:,:,:,:,:,:,:
Gallarate,:,:,:,:,:,:,:,:,:,:,:,:,:,:,:,:,:,:,:,:,:,:,:,:,:,:,:,:
Gela,:,:,:,:,:,:,:,:,:,:,:,:,:,:,:,:,:,:,:,:,:,:,:,:,:,:,:,:
Saronno,:,:,:,:,:,:,:,:,:,:,:,:,:,:,:,:,:,:,:,:,:,:,:,:,:,:,:,:
Bagheria,:,:,:,:,:,:,:,:,:,:,:,:,:,:,:,:,:,:,:,:,:,:,:,:,:,:,:,:
Anzio,:,:,:,:,:,:,:,:,:,:,:,:,:,:,:,:,:,:,:,:,:,:,:,:,:,:,:,:
Sassuolo,:,:,:,:,:,:,:,:,:,:,:,:,:,:,:,:,:,:,:,:,:,:,:,:,:,:,:,:
Messina,:,:,:,:,:,:,:,:,:,:,:,:,:,:,:,:,:,:,:,:,:,:,:,:,:,:,:,:
Prato,:,:,:,:,:,:,:,:,:,:,:,:,:,:,:,:,:,:,:,:,:,:,:,:,:,:,:,:
Parma,:,:,:,:,:,:,:,:,:,:,:,:,:,:,:,:,:,:,:,:,:,:,:,:,:,:,:,:
Livorno,:,:,:,:,:,:,:,:,:,:,:,:,:,:,:,:,:,:,:,:,:,:,:,:,:,:,:,:
Reggio nell'Emilia,:,:,:,:,:,:,:,:,:,:,:,:,:,:,:,:,:,:,:,:,:,:,:,:,:,:,:,:
Ravenna,:,:,:,:,:,:,:,:,:,:,:,:,:,:,:,:,:,:,:,:,:,:,:,:,:,:,:,:
Ferrara,:,:,:,:,:,:,:,:,:,:,:,:,:,:,:,:,:,:,:,:,:,:,:,:,:,:,:,:
Rimini,:,:,:,:,:,:,:,:,:,:,:,:,:,:,:,:,:,:,:,:,:,:,:,:,:,:,:,:
Siracusa,:,:,:,:,:,:,:,:,:,:,:,:,:,:,:,:,:,:,:,:,:,:,:,:,:,:,:,:
Monza,:,:,:,:,:,:,:,:,:,:,:,:,:,:,:,:,:,:,:,:,:,:,:,:,:,:,:,:
Bergamo,:,:,:,:,:,:,:,:,:,:,:,:,:,:,:,:,:,:,:,:,:,:,:,:,:,:,:,:
Forlì,:,:,:,:,:,:,:,:,:,:,:,:,:,:,:,:,:,:,:,:,:,:,:,:,:,:,:,:
Latina,:,:,:,:,:,:,:,:,:,:,:,:,:,:,:,:,:,:,:,:,:,:,:,:,:,:,:,:
Vicenza,:,:,:,:,:,:,:,:,:,:,:,:,:,:,:,:,:,:,:,:,:,:,:,:,:,:,:,:
Terni,:,:,:,:,:,:,:,:,:,:,:,:,:,:,:,:,:,:,:,:,:,:,:,:,:,:,:,:
Novara,:,:,:,:,:,:,:,:,:,:,:,:,:,:,:,:,:,:,:,:,:,:,:,:,:,:,:,:
Giugliano in Campania,:,:,:,:,:,:,:,:,:,:,:,:,:,:,:,:,:,:,:,:,:,:,:,:,:,:,:,:
Alessandria,:,:,:,:,:,:,:,:,:,:,:,:,:,:,:,:,:,:,:,:,:,:,:,:,:,:,:,:
Arezzo,:,:,:,:,:,:,:,:,:,:,:,:,:,:,:,:,:,:,:,:,:,:,:,:,:,:,:,:
Grosseto,:,:,:,:,:,:,:,:,:,:,:,:,:,:,:,:,:,:,:,:,:,:,:,:,:,:,:,:
Brindisi,:,:,:,:,:,:,:,:,:,:,:,:,:,:,:,:,:,:,:,:,:,:,:,:,:,:,:,:
Trapani,:,:,:,:,:,:,:,:,:,:,:,:,:,:,:,:,:,:,:,:,:,:,:,:,:,:,:,:
Ragusa,:,:,:,:,:,:,:,:,:,:,:,:,:,:,:,:,:,:,:,:,:,:,:,:,:,:,:,:
Andria,:,:,:,:,:,:,:,:,:,:,:,:,:,:,:,:,:,:,:,:,:,:,:,:,:,:,:,:
Trani,:,:,:,:,:,:,:,:,:,:,:,:,:,:,:,:,:,:,:,:,:,:,:,:,:,:,:,:
L'Aquila,:,:,:,:,:,:,:,:,:,:,:,:,:,:,:,:,:,:,:,:,:,:,:,:,:,:,:,:
Cyprus,:,:,:,:,:,:,:,:,:,:,:,:,:,:,:,:,:,:,:,:,:,:,:,:,:,:,:,:
Lefkosia,:,:,:,:,:,:,:,:,:,:,:,1.00,13.00,13.00,:,:,:,:,:,:,:,:,:,:,:,:,:,:
Latvia,:,:,:,:,:,:,:,:,:,:,:,:,:,5.10,:,:,:,:,2.60,:,:,:,:,:,:,:,:,:
Riga,:,:,:,:,:,:,:,:,:,:,:,:,:,:,:,:,:,:,:,:,:,:,:,:,:,:,:,:
Liepaja,:,:,:,:,:,:,:,:,:,:,:,:,:,:,:,:,:,:,:,:,:,:,:,:,:,:,:,:
Jelgava,:,:,:,:,:,:,:,:,:,:,:,:,:,:,:,:,:,:,:,:,:,:,:,:,:,:,:,:
Daugavpils,:,:,:,:,:,:,:,:,:,:,:,:,:,:,:,:,:,:,:,:,:,:,:,:,:,:,:,:
Lithuania,:,:,:,:,:,:,:,:,:,:,:,:,:,:,:,:,:,:,:,:,:,:,:,:,:,:,:,:
Vilnius,:,:,:,:,:,:,:,:,:,:,:,:,:,:,:,:,:,:,:,:,:,:,:,:,:,:,:,:
Kaunas,:,:,:,:,:,:,:,:,:,:,:,:,:,:,:,:,:,:,:,:,:,:,:,:,:,:,:,:
Panevezys,:,:,:,:,:,:,:,:,:,:,:,:,:,:,:,:,:,:,:,:,:,:,:,:,:,:,:,:
Alytus,:,:,:,:,:,:,:,:,:,:,:,:,:,:,:,:,:,:,:,:,:,:,:,:,:,:,:,:
Klaipeda,:,:,:,:,:,:,:,:,:,:,:,:,:,:,:,:,:,:,:,:,:,:,:,:,:,:,:,:
Siauliai,:,:,:,:,:,:,:,:,:,:,:,:,:,:,:,:,:,:,:,:,:,:,:,:,:,:,:,:
Luxembourg (Grand Duchy),:,:,:,:,:,:,:,:,:,:,:,:,:,:,:,:,:,:,:,:,:,:,:,:,:,:,:,:
Luxembourg,:,:,:,:,:,:,:,:,:,:,:,1.10,:,:,:,:,:,:,:,:,:,:,:,:,:,:,:,:
Hungary,:,:,:,:,:,:,:,:,:,:,:,:,:,:,:,:,:,:,:,:,:,:,:,:,:,:,:,:
Budapest,:,:,:,:,:,:,:,:,:,:,:,:,:,:,:,:,:,:,:,:,:,:,:,:,:,:,:,:
Miskolc,:,:,:,:,:,:,:,:,:,:,:,:,:,:,:,:,:,:,:,:,:,:,:,:,:,:,:,:
Nyíregyháza,:,:,:,:,:,:,:,:,:,:,:,:,:,:,:,:,:,:,:,:,:,:,:,:,:,:,:,:
Pécs,:,:,:,:,:,:,:,:,:,:,:,:,:,:,:,:,:,:,:,:,:,:,:,:,:,:,:,:
Debrecen,:,:,:,:,:,:,:,:,:,:,:,:,:,:,:,:,:,:,:,:,:,:,:,:,:,:,:,:
Szeged,:,:,:,:,:,:,:,:,:,:,:,:,:,:,:,:,:,:,:,:,:,:,:,:,:,:,:,:
Gyõr,:,:,:,:,:,:,:,:,:,:,:,:,:,:,:,:,:,:,:,:,:,:,:,:,:,:,:,:
Kecskemét,:,:,:,:,:,:,:,:,:,:,:,:,:,:,:,:,:,:,:,:,:,:,:,:,:,:,:,:
Székesfehérvár,:,:,:,:,:,:,:,:,:,:,:,:,:,:,:,:,:,:,:,:,:,:,:,:,:,:,:,:
Szombathely,:,:,:,:,:,:,:,:,:,:,:,:,:,:,:,:,:,:,:,:,:,:,:,:,:,:,:,:
Szolnok,:,:,:,:,:,:,:,:,:,:,:,:,:,:,:,:,:,:,:,:,:,:,:,:,:,:,:,:
Tatabánya,:,:,:,:,:,:,:,:,:,:,:,:,:,:,:,:,:,:,:,:,:,:,:,:,:,:,:,:
Veszprém,:,:,:,:,:,:,:,:,:,:,:,:,:,:,:,:,:,:,:,:,:,:,:,:,:,:,:,:
Békéscsaba,:,:,:,:,:,:,:,:,:,:,:,:,:,:,:,:,:,:,:,:,:,:,:,:,:,:,:,:
Kaposvár,:,:,:,:,:,:,:,:,:,:,:,:,:,:,:,:,:,:,:,:,:,:,:,:,:,:,:,:
Eger,:,:,:,:,:,:,:,:,:,:,:,:,:,:,:,:,:,:,:,:,:,:,:,:,:,:,:,:
Dunaújváros,:,:,:,:,:,:,:,:,:,:,:,:,:,:,:,:,:,:,:,:,:,:,:,:,:,:,:,:
Zalaegerszeg,:,:,:,:,:,:,:,:,:,:,:,:,:,:,:,:,:,:,:,:,:,:,:,:,:,:,:,:
Sopron,:,:,:,:,:,:,:,:,:,:,:,:,:,:,:,:,:,:,:,:,:,:,:,:,:,:,:,:
Malta,:,:,:,:,:,:,:,:,:,:,:,:,:,:,:,:,:,:,:,:,:,:,:,:,:,:,:,:
Valletta,:,:,:,:,:,:,:,:,:,:,:,0.00,0.00,0.00,:,:,:,:,:,:,:,:,:,:,:,:,:,:
Netherlands,:,:,:,:,:,:,:,:,:,:,:,:,:,24.00,:,:,:,:,:,:,23.80,25.70,:,:,:,:,:,:
Greater 's-Gravenhage,:,:,:,:,:,:,:,:,:,:,:,21.00,:,22.00,:,:,:,:,:,:,:,:,:,:,:,:,:,:
Greater Amsterdam,:,:,:,:,:,:,:,:,:,:,:,21.00,:,22.00,:,:,:,:,:,:,:,:,:,:,:,:,:,:
Greater Rotterdam,:,:,:,:,:,:,:,:,:,:,:,13.00,:,14.00,:,:,:,:,:,:,:,:,:,:,:,:,:,:
Greater Utrecht,:,:,:,:,:,:,:,:,:,:,:,21.00,:,21.00,:,:,:,:,:,:,:,:,:,:,:,:,:,:
Greater Eindhoven,:,:,:,:,:,:,:,:,:,:,:,25.00,:,24.00,:,:,:,:,:,:,:,:,:,:,:,:,:,:
Tilburg,:,:,:,:,:,:,:,:,:,:,:,28.00,:,28.00,:,:,:,:,:,:,:,:,:,:,:,:,:,:
Groningen,:,:,:,:,:,:,:,:,:,:,:,34.00,:,37.00,:,:,:,:,:,:,:,:,:,:,:,:,:,:
Enschede,:,:,:,:,:,:,:,:,:,:,:,31.00,:,31.00,:,:,:,:,:,:,:,:,:,:,:,:,:,:
Greater Arnhem,:,:,:,:,:,:,:,:,:,:,:,19.00,:,19.00,:,:,:,:,:,:,:,:,:,:,:,:,:,:
Greater Heerlen,:,:,:,:,:,:,:,:,:,:,:,10.00,:,10.00,:,:,:,:,:,:,:,:,:,:,:,:,:,:
Almere,:,:,:,:,:,:,:,:,:,:,:,:,:,14.00,:,:,:,:,:,:,:,:,:,:,:,:,:,:
Breda,:,:,:,:,:,:,:,:,:,:,:,:,:,23.00,:,:,:,:,:,:,:,:,:,:,:,:,:,:
Nijmegen,:,:,:,:,:,:,:,:,:,:,:,:,:,25.00,:,:,:,:,:,:,:,:,:,:,:,:,:,:
Apeldoorn,:,:,:,:,:,:,:,:,:,:,:,:,:,29.00,:,:,:,:,:,:,:,:,:,:,:,:,:,:
Leeuwarden,:,:,:,:,:,:,:,:,:,:,:,:,:,32.00,:,:,:,:,:,:,:,:,:,:,:,:,:,:
Greater Sittard-Geleen,:,:,:,:,:,:,:,:,:,:,:,:,:,:,:,:,:,:,:,:,:,:,:,:,:,:,:,:
Hilversum,:,:,:,:,:,:,:,:,:,:,:,:,:,:,:,:,:,:,:,:,:,:,:,:,:,:,:,:
Roosendaal,:,:,:,:,:,:,:,:,:,:,:,:,:,:,:,:,:,:,:,:,:,:,:,:,:,:,:,:
Greater Nissewaard,:,:,:,:,:,:,:,:,:,:,:,:,:,:,:,:,:,:,:,:,:,:,:,:,:,:,:,:
Purmerend,:,:,:,:,:,:,:,:,:,:,:,:,:,:,:,:,:,:,:,:,:,:,:,:,:,:,:,:
Alphen aan den Rijn,:,:,:,:,:,:,:,:,:,:,:,:,:,:,:,:,:,:,:,:,:,:,:,:,:,:,:,:
Bergen op Zoom,:,:,:,:,:,:,:,:,:,:,:,:,:,:,:,:,:,:,:,:,:,:,:,:,:,:,:,:
Gouda,:,:,:,:,:,:,:,:,:,:,:,:,:,:,:,:,:,:,:,:,:,:,:,:,:,:,:,:
Hoorn,:,:,:,:,:,:,:,:,:,:,:,:,:,:,:,:,:,:,:,:,:,:,:,:,:,:,:,:
Greater Haarlem,:,:,:,:,:,:,:,:,:,:,:,:,:,29.00,:,:,:,:,:,:,:,:,:,:,:,:,:,:
Zaanstad,:,:,:,:,:,:,:,:,:,:,:,:,:,26.00,:,:,:,:,:,:,:,:,:,:,:,:,:,:
's-Hertogenbosch,:,:,:,:,:,:,:,:,:,:,:,:,:,17.00,:,:,:,:,:,:,:,:,:,:,:,:,:,:
Amersfoort,:,:,:,:,:,:,:,:,:,:,:,:,:,25.00,:,:,:,:,:,:,:,:,:,:,:,:,:,:
Maastricht,:,:,:,:,:,:,:,:,:,:,:,:,:,23.00,:,:,:,:,:,:,:,:,:,:,:,:,:,:
Greater Leiden,:,:,:,:,:,:,:,:,:,:,:,:,:,35.00,:,:,:,:,:,:,:,:,:,:,:,:,:,:
Haarlemmermeer,:,:,:,:,:,:,:,:,:,:,:,:,:,:,:,:,:,:,:,:,:,:,:,:,:,:,:,:
Zoetermeer,:,:,:,:,:,:,:,:,:,:,:,:,:,:,:,:,:,:,:,:,:,:,:,:,:,:,:,:
Zwolle,:,:,:,:,:,:,:,:,:,:,:,:,:,31.00,:,:,:,:,:,:,:,:,:,:,:,:,:,:
Greater Ede,:,:,:,:,:,:,:,:,:,:,:,:,:,25.00,:,:,:,:,:,:,:,:,:,:,:,:,:,:
Deventer,:,:,:,:,:,:,:,:,:,:,:,:,:,30.00,:,:,:,:,:,:,:,:,:,:,:,:,:,:
Greater Alkmaar,:,:,:,:,:,:,:,:,:,:,:,:,:,33.00,:,:,:,:,:,:,:,:,:,:,:,:,:,:
Venlo,:,:,:,:,:,:,:,:,:,:,:,:,:,30.00,:,:,:,:,:,:,:,:,:,:,:,:,:,:
Helmond,:,:,:,:,:,:,:,:,:,:,:,:,:,26.00,:,:,:,:,:,:,:,:,:,:,:,:,:,:
Hengelo,:,:,:,:,:,:,:,:,:,:,:,:,:,32.00,:,:,:,:,:,:,:,:,:,:,:,:,:,:
Almelo,:,:,:,:,:,:,:,:,:,:,:,:,:,28.00,:,:,:,:,:,:,:,:,:,:,:,:,:,:
Lelystad,:,:,:,:,:,:,:,:,:,:,:,:,:,18.00,:,:,:,:,:,:,:,:,:,:,:,:,:,:
Austria,:,:,:,:,:,:,:,:,:,:,:,:,:,:,:,:,:,:,:,:,:,:,:,:,:,:,:,:
Wien,:,1.01,:,:,:,:,:,:,:,:,:,1.71,:,:,:,:,:,:,:,:,:,:,:,:,:,:,:,:
Graz,:,5.00,:,:,:,:,:,:,:,:,:,6.71,:,:,:,:,:,:,19.00,:,:,:,:,:,:,:,:,:
Linz,:,2.41,:,:,:,:,:,:,:,:,:,2.25,:,:,:,:,:,:,:,:,:,:,:,:,:,:,:,:
Salzburg,:,:,:,:,:,:,:,:,:,:,:,:,:,:,:,:,:,:,:,:,:,:,:,:,:,:,:,:
Innsbruck,:,:,:,:,:,:,:,:,:,:,:,:,:,:,:,:,:,:,:,:,:,:,:,:,:,:,:,:
Klagenfurt,:,:,:,:,:,:,:,:,:,:,:,:,:,:,:,:,:,:,:,:,:,:,:,:,:,:,:,:
Poland,:,:,:,:,:,:,:,:,:,:,:,:,:,:,:,:,:,:,:,:,:,:,:,:,:,:,:,:
Warszawa,:,:,:,:,:,:,:,:,:,:,:,:,:,:,:,:,:,:,:,:,:,:,:,:,:,:,:,:
Lódz,:,:,:,:,:,:,:,:,:,:,:,:,:,:,:,:,:,:,:,:,:,:,:,:,:,:,:,:
Kraków,:,:,:,:,:,:,:,:,:,:,:,:,:,:,:,:,:,:,:,:,:,:,:,:,:,:,:,:
Wroclaw,:,:,:,:,:,:,:,:,:,:,:,:,:,:,:,:,:,:,:,:,:,:,:,:,:,:,:,:
Poznan,:,:,:,:,:,:,:,:,:,:,:,:,:,:,:,:,:,:,:,:,:,:,:,:,:,:,:,:
Gdansk,:,:,:,:,:,:,:,:,:,:,:,:,:,:,:,:,:,:,:,:,:,:,:,:,:,:,:,:
Szczecin,:,:,:,:,:,:,:,:,:,:,:,:,:,:,:,:,:,:,:,:,:,:,:,:,:,:,:,:
Bydgoszcz,:,:,:,:,:,:,:,:,:,:,:,:,:,:,:,:,:,:,:,:,:,:,:,:,:,:,:,:
Lublin,:,:,:,:,:,:,:,:,:,:,:,:,:,:,:,:,:,:,:,:,:,:,:,:,:,:,:,:
Katowice,:,:,:,:,:,:,:,:,:,:,:,:,:,:,:,:,:,:,:,:,:,:,:,:,:,:,:,:
Górnoslaski Zwiazek Metropolitalny,:,:,:,:,:,:,:,:,:,:,:,:,:,:,:,:,:,:,:,:,:,:,:,:,:,:,:,:
Bialystok,:,:,:,:,:,:,:,:,:,:,:,:,:,:,:,:,:,:,:,:,:,:,:,:,:,:,:,:
Kielce,:,:,:,:,:,:,:,:,:,:,:,:,:,:,:,:,:,:,:,:,:,:,:,:,:,:,:,:
Torun,:,:,:,:,:,:,:,:,:,:,:,:,:,:,:,:,:,:,:,:,:,:,:,:,:,:,:,:
Olsztyn,:,:,:,:,:,:,:,:,:,:,:,:,:,:,:,:,:,:,:,:,:,:,:,:,:,:,:,:
Rzeszów,:,:,:,:,:,:,:,:,:,:,:,:,:,:,:,:,:,:,:,:,:,:,:,:,:,:,:,:
Opole,:,:,:,:,:,:,:,:,:,:,:,:,:,:,:,:,:,:,:,:,:,:,:,:,:,:,:,:
Gorzów Wielkopolski,:,:,:,:,:,:,:,:,:,:,:,:,:,:,:,:,:,:,:,:,:,:,:,:,:,:,:,:
Zielona Góra,:,:,:,:,:,:,:,:,:,:,:,:,:,:,:,:,:,:,:,:,:,:,:,:,:,:,:,:
Jelenia Góra,:,:,:,:,:,:,:,:,:,:,:,:,:,:,:,:,:,:,:,:,:,:,:,:,:,:,:,:
Nowy Sacz,:,:,:,:,:,:,:,:,:,:,:,:,:,:,:,:,:,:,:,:,:,:,:,:,:,:,:,:
Suwalki,:,:,:,:,:,:,:,:,:,:,:,:,:,:,:,:,:,:,:,:,:,:,:,:,:,:,:,:
Konin,:,:,:,:,:,:,:,:,:,:,:,:,:,:,:,:,:,:,:,:,:,:,:,:,:,:,:,:
Zory,:,:,:,:,:,:,:,:,:,:,:,:,:,:,:,:,:,:,:,:,:,:,:,:,:,:,:,:
Czestochowa,:,:,:,:,:,:,:,:,:,:,:,:,:,:,:,:,:,:,:,:,:,:,:,:,:,:,:,:
Radom,:,:,:,:,:,:,:,:,:,:,:,:,:,:,:,:,:,:,:,:,:,:,:,:,:,:,:,:
Plock,:,:,:,:,:,:,:,:,:,:,:,:,:,:,:,:,:,:,:,:,:,:,:,:,:,:,:,:
Kalisz,:,:,:,:,:,:,:,:,:,:,:,:,:,:,:,:,:,:,:,:,:,:,:,:,:,:,:,:
Koszalin,:,:,:,:,:,:,:,:,:,:,:,:,:,:,:,:,:,:,:,:,:,:,:,:,:,:,:,:
Slupsk,:,:,:,:,:,:,:,:,:,:,:,:,:,:,:,:,:,:,:,:,:,:,:,:,:,:,:,:
Jastrzebie-Zdrój,:,:,:,:,:,:,:,:,:,:,:,:,:,:,:,:,:,:,:,:,:,:,:,:,:,:,:,:
Siedlce,:,:,:,:,:,:,:,:,:,:,:,:,:,:,:,:,:,:,:,:,:,:,:,:,:,:,:,:
Piotrków Trybunalski,:,:,:,:,:,:,:,:,:,:,:,:,:,:,:,:,:,:,:,:,:,:,:,:,:,:,:,:
Lubin,:,:,:,:,:,:,:,:,:,:,:,:,:,:,:,:,:,:,:,:,:,:,:,:,:,:,:,:
Pila,:,:,:,:,:,:,:,:,:,:,:,:,:,:,:,:,:,:,:,:,:,:,:,:,:,:,:,:
Inowroclaw,:,:,:,:,:,:,:,:,:,:,:,:,:,:,:,:,:,:,:,:,:,:,:,:,:,:,:,:
Ostrowiec Swietokrzyski,:,:,:,:,:,:,:,:,:,:,:,:,:,:,:,:,:,:,:,:,:,:,:,:,:,:,:,:
Gniezno,:,:,:,:,:,:,:,:,:,:,:,:,:,:,:,:,:,:,:,:,:,:,:,:,:,:,:,:
Stargard Szczecinski,:,:,:,:,:,:,:,:,:,:,:,:,:,:,:,:,:,:,:,:,:,:,:,:,:,:,:,:
Ostrów Wielkopolski,:,:,:,:,:,:,:,:,:,:,:,:,:,:,:,:,:,:,:,:,:,:,:,:,:,:,:,:
Przemysl,:,:,:,:,:,:,:,:,:,:,:,:,:,:,:,:,:,:,:,:,:,:,:,:,:,:,:,:
Zamosc,:,:,:,:,:,:,:,:,:,:,:,:,:,:,:,:,:,:,:,:,:,:,:,:,:,:,:,:
Chelm,:,:,:,:,:,:,:,:,:,:,:,:,:,:,:,:,:,:,:,:,:,:,:,:,:,:,:,:
Pabianice,:,:,:,:,:,:,:,:,:,:,:,:,:,:,:,:,:,:,:,:,:,:,:,:,:,:,:,:
Glogów,:,:,:,:,:,:,:,:,:,:,:,:,:,:,:,:,:,:,:,:,:,:,:,:,:,:,:,:
Stalowa Wola,:,:,:,:,:,:,:,:,:,:,:,:,:,:,:,:,:,:,:,:,:,:,:,:,:,:,:,:
Tomaszów Mazowiecki,:,:,:,:,:,:,:,:,:,:,:,:,:,:,:,:,:,:,:,:,:,:,:,:,:,:,:,:
Lomza,:,:,:,:,:,:,:,:,:,:,:,:,:,:,:,:,:,:,:,:,:,:,:,:,:,:,:,:
Leszno,:,:,:,:,:,:,:,:,:,:,:,:,:,:,:,:,:,:,:,:,:,:,:,:,:,:,:,:
Swidnica,:,:,:,:,:,:,:,:,:,:,:,:,:,:,:,:,:,:,:,:,:,:,:,:,:,:,:,:
Zgierz,:,:,:,:,:,:,:,:,:,:,:,:,:,:,:,:,:,:,:,:,:,:,:,:,:,:,:,:
Tczew,:,:,:,:,:,:,:,:,:,:,:,:,:,:,:,:,:,:,:,:,:,:,:,:,:,:,:,:
Elk,:,:,:,:,:,:,:,:,:,:,:,:,:,:,:,:,:,:,:,:,:,:,:,:,:,:,:,:
Gdynia,:,:,:,:,:,:,:,:,:,:,:,:,:,:,:,:,:,:,:,:,:,:,:,:,:,:,:,:
Sosnowiec,:,:,:,:,:,:,:,:,:,:,:,:,:,:,:,:,:,:,:,:,:,:,:,:,:,:,:,:
Gliwice,:,:,:,:,:,:,:,:,:,:,:,:,:,:,:,:,:,:,:,:,:,:,:,:,:,:,:,:
Zabrze,:,:,:,:,:,:,:,:,:,:,:,:,:,:,:,:,:,:,:,:,:,:,:,:,:,:,:,:
Bytom,:,:,:,:,:,:,:,:,:,:,:,:,:,:,:,:,:,:,:,:,:,:,:,:,:,:,:,:
Bielsko-Biala,:,:,:,:,:,:,:,:,:,:,:,:,:,:,:,:,:,:,:,:,:,:,:,:,:,:,:,:
Ruda Slaska,:,:,:,:,:,:,:,:,:,:,:,:,:,:,:,:,:,:,:,:,:,:,:,:,:,:,:,:
Rybnik,:,:,:,:,:,:,:,:,:,:,:,:,:,:,:,:,:,:,:,:,:,:,:,:,:,:,:,:
Tychy,:,:,:,:,:,:,:,:,:,:,:,:,:,:,:,:,:,:,:,:,:,:,:,:,:,:,:,:
Walbrzych,:,:,:,:,:,:,:,:,:,:,:,:,:,:,:,:,:,:,:,:,:,:,:,:,:,:,:,:
Elblag,:,:,:,:,:,:,:,:,:,:,:,:,:,:,:,:,:,:,:,:,:,:,:,:,:,:,:,:
Wloclawek,:,:,:,:,:,:,:,:,:,:,:,:,:,:,:,:,:,:,:,:,:,:,:,:,:,:,:,:
Tarnów,:,:,:,:,:,:,:,:,:,:,:,:,:,:,:,:,:,:,:,:,:,:,:,:,:,:,:,:
Chorzów,:,:,:,:,:,:,:,:,:,:,:,:,:,:,:,:,:,:,:,:,:,:,:,:,:,:,:,:
Legnica,:,:,:,:,:,:,:,:,:,:,:,:,:,:,:,:,:,:,:,:,:,:,:,:,:,:,:,:
Grudziadz,:,:,:,:,:,:,:,:,:,:,:,:,:,:,:,:,:,:,:,:,:,:,:,:,:,:,:,:
Portugal,:,:,:,:,:,:,:,:,:,:,:,:,:,:,:,:,:,:,:,:,:,0.66,:,:,:,:,:,:
Lisboa,:,:,:,:,:,:,:,:,:,:,:,:,:,:,:,:,:,:,:,:,:,0.12,:,:,:,:,:,:
Lisboa (greater city),:,:,:,:,:,:,:,:,:,:,:,:,:,:,:,:,:,:,:,:,:,0.18,:,:,:,:,:,:
Porto,:,:,:,:,:,:,:,:,:,:,:,:,:,:,:,:,:,:,:,:,:,0.17,:,:,:,:,:,:
Porto (greater city),:,:,:,:,:,:,:,:,:,:,:,:,:,:,:,:,:,:,:,:,:,0.29,:,:,:,:,:,:
Braga,:,:,:,:,:,:,:,:,:,:,:,:,:,:,:,:,:,:,:,:,:,0.21,:,:,:,:,:,:
Funchal,:,:,:,:,:,:,:,:,:,:,:,:,:,:,:,:,:,:,:,:,:,0.02,:,:,:,:,:,:
Coimbra,:,:,:,:,:,:,:,:,:,:,:,:,:,:,:,:,:,:,:,:,:,0.20,:,:,:,:,:,:
Setúbal,:,:,:,:,:,:,:,:,:,:,:,:,:,:,:,:,:,:,:,:,:,0.46,:,:,:,:,:,:
Ponta Delgada,:,:,:,:,:,:,:,:,:,:,:,:,:,:,:,:,:,:,:,:,:,0.17,:,:,:,:,:,:
Aveiro,:,:,:,:,:,:,:,:,:,:,:,:,:,:,:,:,:,:,:,:,:,2.76,:,:,:,:,:,:
Faro,:,:,:,:,:,:,:,:,:,:,:,:,:,:,:,:,:,:,:,:,:,0.77,:,:,:,:,:,:
Seixal,:,:,:,:,:,:,:,:,:,:,:,:,:,:,:,:,:,:,:,:,:,0.52,:,:,:,:,:,:
Amadora,:,:,:,:,:,:,:,:,:,:,:,:,:,:,:,:,:,:,:,:,:,0.09,:,:,:,:,:,:
Almada,:,:,:,:,:,:,:,:,:,:,:,:,:,:,:,:,:,:,:,:,:,0.50,:,:,:,:,:,:
Odivelas,:,:,:,:,:,:,:,:,:,:,:,:,:,:,:,:,:,:,:,:,:,0.11,:,:,:,:,:,:
Viseu,:,:,:,:,:,:,:,:,:,:,:,:,:,:,:,:,:,:,:,:,:,0.30,:,:,:,:,:,:
Valongo,:,:,:,:,:,:,:,:,:,:,:,:,:,:,:,:,:,:,:,:,:,0.35,:,:,:,:,:,:
Viana do Castelo,:,:,:,:,:,:,:,:,:,:,:,:,:,:,:,:,:,:,:,:,:,0.86,:,:,:,:,:,:
Paredes,:,:,:,:,:,:,:,:,:,:,:,:,:,:,:,:,:,:,:,:,:,0.41,:,:,:,:,:,:
Barreiro,:,:,:,:,:,:,:,:,:,:,:,:,:,:,:,:,:,:,:,:,:,0.72,:,:,:,:,:,:
Póvoa de Varzim,:,:,:,:,:,:,:,:,:,:,:,:,:,:,:,:,:,:,:,:,:,2.21,:,:,:,:,:,:
Sintra,:,:,:,:,:,:,:,:,:,:,:,:,:,:,:,:,:,:,:,:,:,0.29,:,:,:,:,:,:
Vila Nova de Gaia,:,:,:,:,:,:,:,:,:,:,:,:,:,:,:,:,:,:,:,:,:,0.40,:,:,:,:,:,:
Matosinhos,:,:,:,:,:,:,:,:,:,:,:,:,:,:,:,:,:,:,:,:,:,0.47,:,:,:,:,:,:
Gondomar,:,:,:,:,:,:,:,:,:,:,:,:,:,:,:,:,:,:,:,:,:,0.22,:,:,:,:,:,:
Guimarães,:,:,:,:,:,:,:,:,:,:,:,:,:,:,:,:,:,:,:,:,:,0.17,:,:,:,:,:,:
Vila Franca de Xira,:,:,:,:,:,:,:,:,:,:,:,:,:,:,:,:,:,:,:,:,:,0.27,:,:,:,:,:,:
Romania,:,:,:,:,:,:,:,:,:,:,:,:,:,:,:,:,:,:,:,:,:,:,:,:,:,:,:,:
Bucuresti,:,:,:,:,:,:,:,:,:,:,:,:,:,:,:,:,:,:,:,:,:,:,:,:,:,:,:,:
Cluj-Napoca,:,:,:,:,:,:,:,:,:,:,:,:,:,:,:,:,:,:,:,:,:,:,:,:,:,:,:,:
Timisoara,:,:,:,:,:,:,:,:,:,:,:,:,:,:,:,:,:,:,:,:,:,:,:,:,:,:,:,:
Craiova,:,:,:,:,:,:,:,:,:,:,:,:,:,:,:,:,:,:,:,:,:,:,:,:,:,:,:,:
Braila,:,:,:,:,:,:,:,:,:,:,:,:,:,:,:,:,:,:,:,:,:,:,:,:,:,:,:,:
Oradea,:,:,:,:,:,:,:,:,:,:,:,:,:,:,:,:,:,:,:,:,:,:,:,:,:,:,:,:
Bacau,:,:,:,:,:,:,:,:,:,:,:,:,:,:,:,:,:,:,:,:,:,:,:,:,:,:,:,:
Arad,:,:,:,:,:,:,:,:,:,:,:,:,:,:,:,:,:,:,:,:,:,:,:,:,:,:,:,:
Sibiu,:,:,:,:,:,:,:,:,:,:,:,:,:,:,:,:,:,:,:,:,:,:,:,:,:,:,:,:
Târgu Mures,:,:,:,:,:,:,:,:,:,:,:,:,:,:,:,:,:,:,:,:,:,:,:,:,:,:,:,:
Piatra Neamt,:,:,:,:,:,:,:,:,:,:,:,:,:,:,:,:,:,:,:,:,:,:,:,:,:,:,:,:
Calarasi,:,:,:,:,:,:,:,:,:,:,:,:,:,:,:,:,:,:,:,:,:,:,:,:,:,:,:,:
Giurgiu,:,:,:,:,:,:,:,:,:,:,:,:,:,:,:,:,:,:,:,:,:,:,:,:,:,:,:,:
Alba Iulia,:,:,:,:,:,:,:,:,:,:,:,:,:,:,:,:,:,:,:,:,:,:,:,:,:,:,:,:
Focsani,:,:,:,:,:,:,:,:,:,:,:,:,:,:,:,:,:,:,:,:,:,:,:,:,:,:,:,:
Târgu Jiu,:,:,:,:,:,:,:,:,:,:,:,:,:,:,:,:,:,:,:,:,:,:,:,:,:,:,:,:
Tulcea,:,:,:,:,:,:,:,:,:,:,:,:,:,:,:,:,:,:,:,:,:,:,:,:,:,:,:,:
Târgoviste,:,:,:,:,:,:,:,:,:,:,:,:,:,:,:,:,:,:,:,:,:,:,:,:,:,:,:,:
Slatina,:,:,:,:,:,:,:,:,:,:,:,:,:,:,:,:,:,:,:,:,:,:,:,:,:,:,:,:
Bârlad,:,:,:,:,:,:,:,:,:,:,:,:,:,:,:,:,:,:,:,:,:,:,:,:,:,:,:,:
Roman,:,:,:,:,:,:,:,:,:,:,:,:,:,:,:,:,:,:,:,:,:,:,:,:,:,:,:,:
Bistrita,:,:,:,:,:,:,:,:,:,:,:,:,:,:,:,:,:,:,:,:,:,:,:,:,:,:,:,:
Constanta,:,:,:,:,:,:,:,:,:,:,:,:,:,:,:,:,:,:,:,:,:,:,:,:,:,:,:,:
Iasi,:,:,:,:,:,:,:,:,:,:,:,:,:,:,:,:,:,:,:,:,:,:,:,:,:,:,:,:
Galati,:,:,:,:,:,:,:,:,:,:,:,:,:,:,:,:,:,:,:,:,:,:,:,:,:,:,:,:
Brasov,:,:,:,:,:,:,:,:,:,:,:,:,:,:,:,:,:,:,:,:,:,:,:,:,:,:,:,:
Ploiesti,:,:,:,:,:,:,:,:,:,:,:,:,:,:,:,:,:,:,:,:,:,:,:,:,:,:,:,:
Pitesti,:,:,:,:,:,:,:,:,:,:,:,:,:,:,:,:,:,:,:,:,:,:,:,:,:,:,:,:
Baia Mare,:,:,:,:,:,:,:,:,:,:,:,:,:,:,:,:,:,:,:,:,:,:,:,:,:,:,:,:
Buzau,:,:,:,:,:,:,:,:,:,:,:,:,:,:,:,:,:,:,:,:,:,:,:,:,:,:,:,:
Satu Mare,:,:,:,:,:,:,:,:,:,:,:,:,:,:,:,:,:,:,:,:,:,:,:,:,:,:,:,:
Botosani,:,:,:,:,:,:,:,:,:,:,:,:,:,:,:,:,:,:,:,:,:,:,:,:,:,:,:,:
Râmnicu Vâlcea,:,:,:,:,:,:,:,:,:,:,:,:,:,:,:,:,:,:,:,:,:,:,:,:,:,:,:,:
Suceava,:,:,:,:,:,:,:,:,:,:,:,:,:,:,:,:,:,:,:,:,:,:,:,:,:,:,:,:
Drobeta-Turnu Severin,:,:,:,:,:,:,:,:,:,:,:,:,:,:,:,:,:,:,:,:,:,:,:,:,:,:,:,:
Slovenia,:,:,:,:,:,:,:,:,:,:,:,:,:,:,:,:,:,:,:,:,:,:,:,:,:,:,:,:
Ljubljana,:,:,:,:,:,:,:,:,:,:,:,:,:,:,:,:,:,:,:,:,:,:,:,:,:,:,:,:
Maribor,:,:,:,:,:,:,:,:,:,:,:,:,:,:,:,:,:,:,:,:,:,:,:,:,:,:,:,:
Slovakia,:,:,:,:,:,:,:,:,:,:,:,:,:,:,:,:,:,:,:,:,:,:,:,:,:,:,:,:
Bratislava,:,:,:,:,:,:,:,:,:,:,:,0.20,:,:,0.30,:,:,:,0.00,:,:,:,:,:,:,:,:,:
Kosice,:,:,:,:,:,:,:,:,:,:,:,1.00,:,:,1.00,:,:,:,1.00,:,:,:,:,:,:,:,:,:
Banská Bystrica,:,:,:,:,:,:,:,:,:,:,:,4.00,:,:,3.00,:,:,:,3.00,:,:,:,:,:,:,:,:,:
Nitra,:,:,:,:,:,:,:,:,:,:,:,7.00,:,:,7.00,:,:,:,7.00,:,:,:,:,:,:,:,:,:
Presov,:,:,:,:,:,:,:,:,:,:,:,14.28,:,:,14.28,:,:,:,2.40,:,:,:,:,:,:,:,:,:
Zilina,:,:,:,:,:,:,:,:,:,:,:,7.70,:,:,7.70,:,:,:,3.60,:,:,:,:,:,:,:,:,:
Trnava,:,:,:,:,:,:,:,:,:,:,:,6.10,:,:,5.50,:,:,:,6.60,:,:,:,:,:,:,:,:,:
Trencín,:,:,:,:,:,:,:,:,:,:,:,15.00,:,:,15.00,:,:,:,3.10,:,:,:,:,:,:,:,:,:
Finland,:,:,:,:,:,:,:,:,:,:,:,:,:,:,10.34,:,:,:,:,:,:,:,:,:,:,:,:,:
Helsinki / Helsingfors,:,:,:,:,:,:,:,:,:,:,8.00,:,:,:,6.00,:,:,:,10.00,:,:,9.50,:,:,:,14.00,17.00,:
Helsinki / Helsingfors (greater city),:,:,:,:,:,:,:,:,:,:,:,:,:,:,6.00,:,:,:,:,:,:,7.70,:,:,:,:,:,:
Tampere / Tammerfors,:,:,:,:,:,:,5.50,:,:,:,:,:,:,:,5.00,:,:,:,6.00,:,:,5.00,:,:,:,13.00,13.00,:
Turku / Åbo,:,:,:,:,:,:,:,10.40,:,:,:,:,:,:,13.00,:,:,:,15.50,:,:,:,:,:,:,:,:,:
Oulu,:,15.00,:,:,:,:,15.00,:,:,:,15.00,:,:,:,34.00,:,:,:,24.00,:,:,24.00,:,:,:,:,:,:
Espoo / Esbo,:,:,:,:,:,:,:,:,:,:,:,:,:,:,:,:,:,:,:,:,:,7.00,:,:,:,:,:,:
Vantaa / Vanda,:,:,:,:,:,:,:,:,:,:,:,:,:,:,:,:,:,:,:,:,:,:,:,:,:,:,:,:
Lahti / Lahtis,:,:,:,:,:,:,:,:,:,:,:,:,:,:,:,:,:,:,:,:,:,14.00,:,:,:,17.00,:,:
Kuopio,:,:,:,:,:,:,:,:,:,:,:,:,:,:,:,:,:,:,:,:,:,35.60,:,:,:,:,:,:
Jyväskylä,:,:,:,:,:,:,:,:,:,:,:,:,:,:,:,:,:,:,:,:,:,:,:,:,:,:,:,:
Sweden,:,:,:,:,:,:,:,:,:,:,:,11.50,:,:,:,12.00,:,:,:,:,:,0.27,:,:,:,:,:,:
Stockholm,:,:,:,:,:,:,:,:,:,:,:,4.00,:,:,:,7.00,:,:,:,:,:,:,:,:,:,:,:,:
Stockholm (greater city),:,:,:,:,:,:,:,:,:,:,:,:,:,:,:,6.00,:,:,:,:,:,:,:,:,:,:,:,:
Göteborg,:,:,:,:,:,:,:,:,:,:,:,8.00,:,:,:,14.00,:,:,:,:,:,:,:,:,:,:,:,:
Malmö,:,:,:,:,:,:,:,:,:,:,:,22.00,:,:,:,24.00,:,:,:,:,:,:,:,:,:,:,:,:
Jönköping,:,:,:,:,:,:,:,:,:,:,:,:,9.00,:,:,8.00,:,:,:,:,:,:,:,:,:,:,:,:
Umeå,:,:,:,:,:,:,:,:,26.00,:,:,31.00,:,:,:,26.00,:,:,:,:,:,:,:,:,:,:,:,:
Uppsala,:,:,:,:,:,:,:,:,:,:,:,:,:,:,:,17.00,:,:,:,:,:,:,:,:,:,:,:,:
Linköping,:,:,:,:,:,:,:,:,:,:,:,:,:,:,:,16.00,:,:,:,:,:,:,:,:,:,:,:,:
Örebro,:,:,:,:,:,:,:,:,:,:,:,:,:,:,:,20.00,:,:,:,:,:,:,:,:,:,:,:,:
Västerås,:,:,:,:,:,:,:,:,:,:,:,:,:,:,:,:,:,:,:,:,:,:,:,:,:,:,:,:
Norrköping,:,:,:,:,:,:,:,:,:,:,:,:,:,:,:,:,:,:,:,:,:,:,:,:,:,:,:,:
Helsingborg,:,:,:,:,:,:,:,:,:,:,:,:,:,:,:,:,:,:,:,:,:,:,:,:,:,:,:,:
Lund,:,:,:,:,:,:,:,:,:,:,:,:,:,:,:,:,:,:,:,:,:,:,:,:,:,:,:,:
Borås,:,:,:,:,:,:,:,:,:,:,:,:,:,:,:,:,:,:,:,:,:,:,:,:,:,:,:,:
United Kingdom,:,:,:,:,:,:,:,:,:,:,:,:,:,:,:,:,:,:,:,:,:,:,:,:,:,:,:,:
London (greater city),:,:,:,:,:,:,:,:,:,:,:,:,:,:,:,:,:,:,:,:,:,4.30,:,:,:,:,:,:
Birmingham,:,:,:,:,:,:,:,:,:,:,:,0.70,:,:,:,:,:,:,:,:,:,1.60,:,:,:,:,:,:
West Midlands urban area,:,:,:,:,:,:,:,:,:,:,:,:,:,:,:,:,:,:,:,:,:,1.60,:,:,:,:,:,:
Leeds,:,:,:,:,:,:,:,:,:,:,:,0.40,:,:,:,:,:,:,:,:,:,1.90,:,:,:,:,:,:
Glasgow City,:,:,:,:,:,:,:,:,:,:,:,0.90,:,:,:,:,:,:,:,:,:,1.82,:,:,:,:,:,:
Bradford,:,:,:,:,:,:,:,:,:,:,:,0.60,:,:,:,:,:,:,:,:,:,0.80,:,:,:,:,:,:
Liverpool,:,:,:,:,:,:,:,:,:,:,:,1.00,:,:,:,:,:,:,:,:,:,2.10,:,:,:,:,:,:
Liverpool,:,:,:,:,:,:,:,:,:,:,:,:,:,:,:,:,:,:,:,:,:,2.10,:,:,:,:,:,:
City of Edinburgh,:,:,:,:,:,:,:,:,:,:,:,2.50,:,:,:,:,:,:,:,:,:,4.79,:,:,:,:,:,:
Manchester,:,:,:,:,:,:,:,:,:,:,:,1.10,:,:,:,:,:,:,:,:,:,4.20,:,:,:,:,:,:
Greater Manchester,:,:,:,:,:,:,:,:,:,:,:,:,:,:,:,:,:,:,:,:,:,2.20,:,:,:,:,:,:
Cardiff,:,:,:,:,:,:,:,:,:,:,:,0.50,:,:,:,:,:,:,:,:,:,3.80,:,:,:,:,:,:
Sheffield,:,:,:,:,:,:,:,:,:,:,:,1.10,:,:,:,:,:,:,:,:,:,1.90,:,:,:,:,:,:
Bristol,:,:,:,:,:,:,:,:,:,:,:,1.50,:,:,:,:,:,:,:,:,:,8.10,:,:,:,:,:,:
Belfast,:,:,:,:,:,:,:,:,:,:,:,:,:,:,:,:,:,:,:,:,:,2.30,:,:,:,:,:,:
Newcastle upon Tyne,:,:,:,:,:,:,:,:,:,:,:,0.80,:,:,:,:,:,:,:,:,:,2.90,:,:,:,:,:,:
Tyneside conurbation,:,:,:,:,:,:,:,:,:,:,:,:,:,:,:,:,:,:,:,:,:,2.40,:,:,:,:,:,:
Leicester,:,:,:,:,:,:,:,:,:,:,:,1.90,:,:,:,:,:,:,:,:,:,3.80,:,:,:,:,:,:
Leicester (greater city),:,:,:,:,:,:,:,:,:,:,:,:,:,:,:,:,:,:,:,:,:,3.50,:,:,:,:,:,:
Aberdeen City,:,:,:,:,:,:,:,:,:,:,:,1.30,:,:,:,:,:,:,:,:,:,2.00,:,:,:,:,:,:
Cambridge,:,:,:,:,:,:,:,:,:,:,:,5.30,:,:,:,:,:,:,:,:,:,31.90,:,:,:,:,:,:
Exeter,:,:,:,:,:,:,:,:,:,:,:,0.90,:,:,:,:,:,:,:,:,:,6.60,:,:,:,:,:,:
Lincoln,:,:,:,:,:,:,:,:,:,:,:,3.00,:,:,:,:,:,:,:,:,:,6.30,:,:,:,:,:,:
Gravesham,:,:,:,:,:,:,:,:,:,:,:,0.70,:,:,:,:,:,:,:,:,:,1.00,:,:,:,:,:,:
Stevenage,:,:,:,:,:,:,:,:,:,:,:,0.80,:,:,:,:,:,:,:,:,:,2.50,:,:,:,:,:,:
Wrexham,:,:,:,:,:,:,:,:,:,:,:,0.50,:,:,:,:,:,:,:,:,:,1.40,:,:,:,:,:,:
Portsmouth,:,:,:,:,:,:,:,:,:,:,:,3.50,:,:,:,:,:,:,:,:,:,7.70,:,:,:,:,:,:
Portsmouth (greater city),:,:,:,:,:,:,:,:,:,:,:,:,:,:,:,:,:,:,:,:,:,6.40,:,:,:,:,:,:
Worcester,:,:,:,:,:,:,:,:,:,:,:,1.60,:,:,:,:,:,:,:,:,:,4.40,:,:,:,:,:,:
Coventry,:,:,:,:,:,:,:,:,:,:,:,2.60,:,:,:,:,:,:,:,:,:,2.70,:,:,:,:,:,:
Kingston-upon-Hull,:,:,:,:,:,:,:,:,:,:,:,10.10,:,:,:,:,:,:,:,:,:,8.30,:,:,:,:,:,:
Stoke-on-trent,:,:,:,:,:,:,:,:,:,:,:,1.70,:,:,:,:,:,:,:,:,:,1.50,:,:,:,:,:,:
Wolverhampton,:,:,:,:,:,:,:,:,:,:,:,2.60,:,:,:,:,:,:,:,:,:,2.20,:,:,:,:,:,:
Nottingham,:,:,:,:,:,:,:,:,:,:,:,3.20,:,:,:,:,:,:,:,:,:,3.70,:,:,:,:,:,:
Greater Nottingham,:,:,:,:,:,:,:,:,:,:,:,:,:,:,:,:,:,:,:,:,:,3.40,:,:,:,:,:,:
Wirral,:,:,:,:,:,:,:,:,:,:,:,2.30,:,:,:,:,:,:,:,:,:,1.70,:,:,:,:,:,:
Bath and North East Somerset,:,:,:,:,:,:,:,:,:,:,:,:,:,:,:,:,:,:,:,:,:,3.20,:,:,:,:,:,:
Thurrock,:,:,:,:,:,:,:,:,:,:,:,:,:,:,:,:,:,:,:,:,:,1.50,:,:,:,:,:,:
Guildford,:,:,:,:,:,:,:,:,:,:,:,:,:,:,:,:,:,:,:,:,:,2.80,:,:,:,:,:,:
Thanet,:,:,:,:,:,:,:,:,:,:,:,:,:,:,:,:,:,:,:,:,:,2.70,:,:,:,:,:,:
Nuneaton and Bedworth,:,:,:,:,:,:,:,:,:,:,:,:,:,:,:,:,:,:,:,:,:,2.20,:,:,:,:,:,:
Waveney,:,:,:,:,:,:,:,:,:,:,:,:,:,:,:,:,:,:,:,:,:,6.50,:,:,:,:,:,:
Tunbridge Wells,:,:,:,:,:,:,:,:,:,:,:,:,:,:,:,:,:,:,:,:,:,1.30,:,:,:,:,:,:
Ashford,:,:,:,:,:,:,:,:,:,:,:,:,:,:,:,:,:,:,:,:,:,2.70,:,:,:,:,:,:
East Staffordshire,:,:,:,:,:,:,:,:,:,:,:,:,:,:,:,:,:,:,:,:,:,3.40,:,:,:,:,:,:
Darlington,:,:,:,:,:,:,:,:,:,:,:,:,:,:,:,:,:,:,:,:,:,2.50,:,:,:,:,:,:
Worthing,:,:,:,:,:,:,:,:,:,:,:,:,:,:,:,:,:,:,:,:,:,5.50,:,:,:,:,:,:
Mansfield,:,:,:,:,:,:,:,:,:,:,:,:,:,:,:,:,:,:,:,:,:,1.50,:,:,:,:,:,:
Chesterfield,:,:,:,:,:,:,:,:,:,:,:,:,:,:,:,:,:,:,:,:,:,1.10,:,:,:,:,:,:
Burnley,:,:,:,:,:,:,:,:,:,:,:,:,:,:,:,:,:,:,:,:,:,1.10,:,:,:,:,:,:
Great Yarmouth,:,:,:,:,:,:,:,:,:,:,:,:,:,:,:,:,:,:,:,:,:,4.40,:,:,:,:,:,:
Woking,:,:,:,:,:,:,:,:,:,:,:,:,:,:,:,:,:,:,:,:,:,2.90,:,:,:,:,:,:
Hartlepool,:,:,:,:,:,:,:,:,:,:,:,:,:,:,:,:,:,:,:,:,:,2.00,:,:,:,:,:,:
Cannock Chase,:,:,:,:,:,:,:,:,:,:,:,:,:,:,:,:,:,:,:,:,:,1.40,:,:,:,:,:,:
Eastbourne,:,:,:,:,:,:,:,:,:,:,:,:,:,:,:,:,:,:,:,:,:,3.20,:,:,:,:,:,:
Hastings,:,:,:,:,:,:,:,:,:,:,:,:,:,:,:,:,:,:,:,:,:,1.60,:,:,:,:,:,:
Hyndburn,:,:,:,:,:,:,:,:,:,:,:,:,:,:,:,:,:,:,:,:,:,1.20,:,:,:,:,:,:
Redditch,:,:,:,:,:,:,:,:,:,:,:,:,:,:,:,:,:,:,:,:,:,1.60,:,:,:,:,:,:
Tamworth,:,:,:,:,:,:,:,:,:,:,:,:,:,:,:,:,:,:,:,:,:,2.30,:,:,:,:,:,:
Harlow,:,:,:,:,:,:,:,:,:,:,:,:,:,:,:,:,:,:,:,:,:,2.60,:,:,:,:,:,:
Halton,:,:,:,:,:,:,:,:,:,:,:,:,:,:,:,:,:,:,:,:,:,2.20,:,:,:,:,:,:
City of London,:,:,:,:,:,:,:,:,:,:,:,:,:,:,:,:,:,:,:,:,:,5.80,:,:,:,:,:,:
Barking and Dagenham,:,:,:,:,:,:,:,:,:,:,:,:,:,:,:,:,:,:,:,:,:,1.50,:,:,:,:,:,:
Barnet,:,:,:,:,:,:,:,:,:,:,:,:,:,:,:,:,:,:,:,:,:,1.60,:,:,:,:,:,:
Bexley,:,:,:,:,:,:,:,:,:,:,:,:,:,:,:,:,:,:,:,:,:,1.20,:,:,:,:,:,:
Brent,:,:,:,:,:,:,:,:,:,:,:,:,:,:,:,:,:,:,:,:,:,2.70,:,:,:,:,:,:
Bromley,:,:,:,:,:,:,:,:,:,:,:,:,:,:,:,:,:,:,:,:,:,1.60,:,:,:,:,:,:
Camden,:,:,:,:,:,:,:,:,:,:,:,:,:,:,:,:,:,:,:,:,:,7.10,:,:,:,:,:,:
Croydon,:,:,:,:,:,:,:,:,:,:,:,:,:,:,:,:,:,:,:,:,:,1.30,:,:,:,:,:,:
Ealing,:,:,:,:,:,:,:,:,:,:,:,:,:,:,:,:,:,:,:,:,:,3.10,:,:,:,:,:,:
Enfield,:,:,:,:,:,:,:,:,:,:,:,:,:,:,:,:,:,:,:,:,:,1.50,:,:,:,:,:,:
Greenwich,:,:,:,:,:,:,:,:,:,:,:,:,:,:,:,:,:,:,:,:,:,2.40,:,:,:,:,:,:
Hackney,:,:,:,:,:,:,:,:,:,:,:,:,:,:,:,:,:,:,:,:,:,15.40,:,:,:,:,:,:
Hammersmith and Fulham,:,:,:,:,:,:,:,:,:,:,:,:,:,:,:,:,:,:,:,:,:,7.90,:,:,:,:,:,:
Haringey,:,:,:,:,:,:,:,:,:,:,:,:,:,:,:,:,:,:,:,:,:,5.20,:,:,:,:,:,:
Harrow,:,:,:,:,:,:,:,:,:,:,:,:,:,:,:,:,:,:,:,:,:,0.80,:,:,:,:,:,:
Havering,:,:,:,:,:,:,:,:,:,:,:,:,:,:,:,:,:,:,:,:,:,0.90,:,:,:,:,:,:
Hillingdon,:,:,:,:,:,:,:,:,:,:,:,:,:,:,:,:,:,:,:,:,:,1.50,:,:,:,:,:,:
Hounslow,:,:,:,:,:,:,:,:,:,:,:,:,:,:,:,:,:,:,:,:,:,3.40,:,:,:,:,:,:
Islington,:,:,:,:,:,:,:,:,:,:,:,:,:,:,:,:,:,:,:,:,:,10.10,:,:,:,:,:,:
Kensington and Chelsea,:,:,:,:,:,:,:,:,:,:,:,:,:,:,:,:,:,:,:,:,:,5.40,:,:,:,:,:,:
Kingston upon Thames,:,:,:,:,:,:,:,:,:,:,:,:,:,:,:,:,:,:,:,:,:,4.40,:,:,:,:,:,:
Lambeth,:,:,:,:,:,:,:,:,:,:,:,:,:,:,:,:,:,:,:,:,:,8.50,:,:,:,:,:,:
Lewisham,:,:,:,:,:,:,:,:,:,:,:,:,:,:,:,:,:,:,:,:,:,4.10,:,:,:,:,:,:
Merton,:,:,:,:,:,:,:,:,:,:,:,:,:,:,:,:,:,:,:,:,:,3.50,:,:,:,:,:,:
Newham,:,:,:,:,:,:,:,:,:,:,:,:,:,:,:,:,:,:,:,:,:,1.70,:,:,:,:,:,:
Redbridge,:,:,:,:,:,:,:,:,:,:,:,:,:,:,:,:,:,:,:,:,:,1.20,:,:,:,:,:,:
Richmond upon Thames,:,:,:,:,:,:,:,:,:,:,:,:,:,:,:,:,:,:,:,:,:,6.70,:,:,:,:,:,:
Southwark,:,:,:,:,:,:,:,:,:,:,:,:,:,:,:,:,:,:,:,:,:,7.70,:,:,:,:,:,:
Sutton,:,:,:,:,:,:,:,:,:,:,:,:,:,:,:,:,:,:,:,:,:,2.20,:,:,:,:,:,:
Tower Hamlets,:,:,:,:,:,:,:,:,:,:,:,:,:,:,:,:,:,:,:,:,:,7.00,:,:,:,:,:,:
Waltham Forest,:,:,:,:,:,:,:,:,:,:,:,:,:,:,:,:,:,:,:,:,:,2.90,:,:,:,:,:,:
Wandsworth,:,:,:,:,:,:,:,:,:,:,:,:,:,:,:,:,:,:,:,:,:,7.90,:,:,:,:,:,:
Westminster,:,:,:,:,:,:,:,:,:,:,:,:,:,:,:,:,:,:,:,:,:,5.30,:,:,:,:,:,:
Kirklees,:,:,:,:,:,:,:,:,:,:,:,:,:,:,:,:,:,:,:,:,:,1.00,:,:,:,:,:,:
North Lanarkshire (Airdrie/Bellshill/Coatbridge/Motherwell),:,:,:,:,:,:,:,:,:,:,:,:,:,:,:,:,:,:,:,:,:,0.33,:,:,:,:,:,:
Wakefield,:,:,:,:,:,:,:,:,:,:,:,:,:,:,:,:,:,:,:,:,:,1.30,:,:,:,:,:,:
Dudley,:,:,:,:,:,:,:,:,:,:,:,:,:,:,:,:,:,:,:,:,:,1.30,:,:,:,:,:,:
Wigan,:,:,:,:,:,:,:,:,:,:,:,:,:,:,:,:,:,:,:,:,:,1.70,:,:,:,:,:,:
Doncaster,:,:,:,:,:,:,:,:,:,:,:,:,:,:,:,:,:,:,:,:,:,2.60,:,:,:,:,:,:
Stockport,:,:,:,:,:,:,:,:,:,:,:,:,:,:,:,:,:,:,:,:,:,2.20,:,:,:,:,:,:
Sefton,:,:,:,:,:,:,:,:,:,:,:,:,:,:,:,:,:,:,:,:,:,2.80,:,:,:,:,:,:
Sandwell,:,:,:,:,:,:,:,:,:,:,:,:,:,:,:,:,:,:,:,:,:,1.60,:,:,:,:,:,:
Sunderland,:,:,:,:,:,:,:,:,:,:,:,:,:,:,:,:,:,:,:,:,:,1.40,:,:,:,:,:,:
Bolton,:,:,:,:,:,:,:,:,:,:,:,:,:,:,:,:,:,:,:,:,:,1.10,:,:,:,:,:,:
Walsall,:,:,:,:,:,:,:,:,:,:,:,:,:,:,:,:,:,:,:,:,:,1.60,:,:,:,:,:,:
Medway,:,:,:,:,:,:,:,:,:,:,:,:,:,:,:,:,:,:,:,:,:,1.20,:,:,:,:,:,:
Rotherham,:,:,:,:,:,:,:,:,:,:,:,:,:,:,:,:,:,:,:,:,:,0.90,:,:,:,:,:,:
Brighton and Hove,:,:,:,:,:,:,:,:,:,:,:,:,:,:,:,:,:,:,:,:,:,5.30,:,:,:,:,:,:
Plymouth,:,:,:,:,:,:,:,:,:,:,:,:,:,:,:,:,:,:,:,:,:,2.70,:,:,:,:,:,:
Swansea,:,:,:,:,:,:,:,:,:,:,:,:,:,:,:,:,:,:,:,:,:,1.50,:,:,:,:,:,:
Derby,:,:,:,:,:,:,:,:,:,:,:,:,:,:,:,:,:,:,:,:,:,3.90,:,:,:,:,:,:
Barnsley,:,:,:,:,:,:,:,:,:,:,:,:,:,:,:,:,:,:,:,:,:,0.70,:,:,:,:,:,:
Southampton,:,:,:,:,:,:,:,:,:,:,:,:,:,:,:,:,:,:,:,:,:,4.80,:,:,:,:,:,:
Oldham,:,:,:,:,:,:,:,:,:,:,:,:,:,:,:,:,:,:,:,:,:,1.10,:,:,:,:,:,:
Salford,:,:,:,:,:,:,:,:,:,:,:,:,:,:,:,:,:,:,:,:,:,2.50,:,:,:,:,:,:
Tameside,:,:,:,:,:,:,:,:,:,:,:,:,:,:,:,:,:,:,:,:,:,1.40,:,:,:,:,:,:
Trafford,:,:,:,:,:,:,:,:,:,:,:,:,:,:,:,:,:,:,:,:,:,3.30,:,:,:,:,:,:
Milton Keynes,:,:,:,:,:,:,:,:,:,:,:,:,:,:,:,:,:,:,:,:,:,3.00,:,:,:,:,:,:
Rochdale,:,:,:,:,:,:,:,:,:,:,:,:,:,:,:,:,:,:,:,:,:,1.10,:,:,:,:,:,:
Solihull,:,:,:,:,:,:,:,:,:,:,:,:,:,:,:,:,:,:,:,:,:,1.50,:,:,:,:,:,:
Northampton,:,:,:,:,:,:,:,:,:,:,:,:,:,:,:,:,:,:,:,:,:,2.70,:,:,:,:,:,:
North Tyneside,:,:,:,:,:,:,:,:,:,:,:,:,:,:,:,:,:,:,:,:,:,2.60,:,:,:,:,:,:
Gateshead,:,:,:,:,:,:,:,:,:,:,:,:,:,:,:,:,:,:,:,:,:,1.50,:,:,:,:,:,:
Warrington,:,:,:,:,:,:,:,:,:,:,:,:,:,:,:,:,:,:,:,:,:,2.70,:,:,:,:,:,:
Luton,:,:,:,:,:,:,:,:,:,:,:,:,:,:,:,:,:,:,:,:,:,1.40,:,:,:,:,:,:
York,:,:,:,:,:,:,:,:,:,:,:,:,:,:,:,:,:,:,:,:,:,12.10,:,:,:,:,:,:
Bury,:,:,:,:,:,:,:,:,:,:,:,:,:,:,:,:,:,:,:,:,:,1.40,:,:,:,:,:,:
Swindon,:,:,:,:,:,:,:,:,:,:,:,:,:,:,:,:,:,:,:,:,:,4.40,:,:,:,:,:,:
Stockton-on-Tees,:,:,:,:,:,:,:,:,:,:,:,:,:,:,:,:,:,:,:,:,:,2.00,:,:,:,:,:,:
St. Helens,:,:,:,:,:,:,:,:,:,:,:,:,:,:,:,:,:,:,:,:,:,1.50,:,:,:,:,:,:
Basildon,:,:,:,:,:,:,:,:,:,:,:,:,:,:,:,:,:,:,:,:,:,1.80,:,:,:,:,:,:
Bournemouth,:,:,:,:,:,:,:,:,:,:,:,:,:,:,:,:,:,:,:,:,:,5.00,:,:,:,:,:,:
Bournemouth,:,:,:,:,:,:,:,:,:,:,:,:,:,:,:,:,:,:,:,:,:,:,:,:,:,:,:,:
Wycombe,:,:,:,:,:,:,:,:,:,:,:,:,:,:,:,:,:,:,:,:,:,1.40,:,:,:,:,:,:
Southend-on-Sea,:,:,:,:,:,:,:,:,:,:,:,:,:,:,:,:,:,:,:,:,:,3.00,:,:,:,:,:,:
Southend-on-Sea (greater city),:,:,:,:,:,:,:,:,:,:,:,:,:,:,:,:,:,:,:,:,:,2.50,:,:,:,:,:,:
Telford and Wrekin,:,:,:,:,:,:,:,:,:,:,:,:,:,:,:,:,:,:,:,:,:,2.20,:,:,:,:,:,:
North East Lincolnshire,:,:,:,:,:,:,:,:,:,:,:,:,:,:,:,:,:,:,:,:,:,5.60,:,:,:,:,:,:
Chelmsford,:,:,:,:,:,:,:,:,:,:,:,:,:,:,:,:,:,:,:,:,:,3.10,:,:,:,:,:,:
Peterborough,:,:,:,:,:,:,:,:,:,:,:,:,:,:,:,:,:,:,:,:,:,6.00,:,:,:,:,:,:
Colchester,:,:,:,:,:,:,:,:,:,:,:,:,:,:,:,:,:,:,:,:,:,4.20,:,:,:,:,:,:
South Tyneside,:,:,:,:,:,:,:,:,:,:,:,:,:,:,:,:,:,:,:,:,:,2.30,:,:,:,:,:,:
Basingstoke and Deane,:,:,:,:,:,:,:,:,:,:,:,:,:,:,:,:,:,:,:,:,:,2.30,:,:,:,:,:,:
Bedford,:,:,:,:,:,:,:,:,:,:,:,:,:,:,:,:,:,:,:,:,:,4.10,:,:,:,:,:,:
Dundee City,:,:,:,:,:,:,:,:,:,:,:,:,:,:,:,:,:,:,:,:,:,1.39,:,:,:,:,:,:
Falkirk,:,:,:,:,:,:,:,:,:,:,:,:,:,:,:,:,:,:,:,:,:,1.09,:,:,:,:,:,:
Reading,:,:,:,:,:,:,:,:,:,:,:,:,:,:,:,:,:,:,:,:,:,4.40,:,:,:,:,:,:
Reading (greater city),:,:,:,:,:,:,:,:,:,:,:,:,:,:,:,:,:,:,:,:,:,3.50,:,:,:,:,:,:
Blackpool,:,:,:,:,:,:,:,:,:,:,:,:,:,:,:,:,:,:,:,:,:,3.40,:,:,:,:,:,:
Maidstone,:,:,:,:,:,:,:,:,:,:,:,:,:,:,:,:,:,:,:,:,:,1.30,:,:,:,:,:,:
Poole,:,:,:,:,:,:,:,:,:,:,:,:,:,:,:,:,:,:,:,:,:,5.10,:,:,:,:,:,:
Dacorum,:,:,:,:,:,:,:,:,:,:,:,:,:,:,:,:,:,:,:,:,:,1.20,:,:,:,:,:,:
Blackburn with Darwen,:,:,:,:,:,:,:,:,:,:,:,:,:,:,:,:,:,:,:,:,:,1.00,:,:,:,:,:,:
Newport,:,:,:,:,:,:,:,:,:,:,:,:,:,:,:,:,:,:,:,:,:,1.50,:,:,:,:,:,:
Middlesbrough,:,:,:,:,:,:,:,:,:,:,:,:,:,:,:,:,:,:,:,:,:,2.60,:,:,:,:,:,:
Oxford,:,:,:,:,:,:,:,:,:,:,:,:,:,:,:,:,:,:,:,:,:,18.70,:,:,:,:,:,:
Torbay,:,:,:,:,:,:,:,:,:,:,:,:,:,:,:,:,:,:,:,:,:,1.50,:,:,:,:,:,:
Preston,:,:,:,:,:,:,:,:,:,:,:,:,:,:,:,:,:,:,:,:,:,2.40,:,:,:,:,:,:
Preston (greater city),:,:,:,:,:,:,:,:,:,:,:,:,:,:,:,:,:,:,:,:,:,2.70,:,:,:,:,:,:
St Albans,:,:,:,:,:,:,:,:,:,:,:,:,:,:,:,:,:,:,:,:,:,1.90,:,:,:,:,:,:
Warwick,:,:,:,:,:,:,:,:,:,:,:,:,:,:,:,:,:,:,:,:,:,3.40,:,:,:,:,:,:
Newcastle-under-Lyme,:,:,:,:,:,:,:,:,:,:,:,:,:,:,:,:,:,:,:,:,:,1.20,:,:,:,:,:,:
Norwich,:,:,:,:,:,:,:,:,:,:,:,:,:,:,:,:,:,:,:,:,:,9.30,:,:,:,:,:,:
Slough,:,:,:,:,:,:,:,:,:,:,:,:,:,:,:,:,:,:,:,:,:,2.50,:,:,:,:,:,:
Cheshire West and Chester,:,:,:,:,:,:,:,:,:,:,:,:,:,:,:,:,:,:,:,:,:,2.80,:,:,:,:,:,:
Ipswich,:,:,:,:,:,:,:,:,:,:,:,:,:,:,:,:,:,:,:,:,:,4.90,:,:,:,:,:,:
Cheltenham,:,:,:,:,:,:,:,:,:,:,:,:,:,:,:,:,:,:,:,:,:,7.00,:,:,:,:,:,:
Gloucester,:,:,:,:,:,:,:,:,:,:,:,:,:,:,:,:,:,:,:,:,:,5.20,:,:,:,:,:,:
Bracknell Forest,:,:,:,:,:,:,:,:,:,:,:,:,:,:,:,:,:,:,:,:,:,2.40,:,:,:,:,:,:
Carlisle,:,:,:,:,:,:,:,:,:,:,:,:,:,:,:,:,:,:,:,:,:,2.80,:,:,:,:,:,:
Crawley,:,:,:,:,:,:,:,:,:,:,:,:,:,:,:,:,:,:,:,:,:,2.60,:,:,:,:,:,:
Derry & Strabane Local Government District,:,:,:,:,:,:,:,:,:,:,:,:,:,:,:,:,:,:,:,:,:,0.60,:,:,:,:,:,:
Ankara,:,:,:,:,:,:,:,:,:,:,:,:,:,:,:,:,:,:,:,:,:,:,:,:,:,:,:,:
Adana,:,:,:,:,:,:,:,:,:,:,:,:,:,:,:,:,:,:,:,:,:,:,:,:,:,:,:,:
Antalya,:,:,:,:,:,:,:,:,:,:,:,:,:,:,:,:,:,:,:,:,:,:,:,:,:,:,:,:
Balikesir,:,:,:,:,:,:,:,:,:,:,:,:,:,:,:,:,:,:,:,:,:,:,:,:,:,:,:,:
Bursa,:,:,:,:,:,:,:,:,:,:,:,:,:,:,:,:,:,:,:,:,:,:,:,:,:,:,:,:
Denizli,:,:,:,:,:,:,:,:,:,:,:,:,:,:,:,:,:,:,:,:,:,:,:,:,:,:,:,:
Diyarbakir,:,:,:,:,:,:,:,:,:,:,:,:,:,:,:,:,:,:,:,:,:,:,:,:,:,:,:,:
Edirne,:,:,:,:,:,:,:,:,:,:,:,:,:,:,:,:,:,:,:,:,:,:,:,:,:,:,:,:
Erzurum,:,:,:,:,:,:,:,:,:,:,:,:,:,:,:,:,:,:,:,:,:,:,:,:,:,:,:,:
Gaziantep,:,:,:,:,:,:,:,:,:,:,:,:,:,:,:,:,:,:,:,:,:,:,:,:,:,:,:,:
Hatay,:,:,:,:,:,:,:,:,:,:,:,:,:,:,:,:,:,:,:,:,:,:,:,:,:,:,:,:
Istanbul,:,:,:,:,:,:,:,:,:,:,:,:,:,:,:,:,:,:,:,:,:,:,:,:,:,:,:,:
Izmir,:,:,:,:,:,:,:,:,:,:,:,:,:,:,:,:,:,:,:,:,:,:,:,:,:,:,:,:
Kars,:,:,:,:,:,:,:,:,:,:,:,:,:,:,:,:,:,:,:,:,:,:,:,:,:,:,:,:
Kastamonu,:,:,:,:,:,:,:,:,:,:,:,:,:,:,:,:,:,:,:,:,:,:,:,:,:,:,:,:
Kayseri,:,:,:,:,:,:,:,:,:,:,:,:,:,:,:,:,:,:,:,:,:,:,:,:,:,:,:,:
Kocaeli,:,:,:,:,:,:,:,:,:,:,:,:,:,:,:,:,:,:,:,:,:,:,:,:,:,:,:,:
Konya,:,:,:,:,:,:,:,:,:,:,:,:,:,:,:,:,:,:,:,:,:,:,:,:,:,:,:,:
Malatya,:,:,:,:,:,:,:,:,:,:,:,:,:,:,:,:,:,:,:,:,:,:,:,:,:,:,:,:
Manisa,:,:,:,:,:,:,:,:,:,:,:,:,:,:,:,:,:,:,:,:,:,:,:,:,:,:,:,:
Nevsehir,:,:,:,:,:,:,:,:,:,:,:,:,:,:,:,:,:,:,:,:,:,:,:,:,:,:,:,:
Samsun,:,:,:,:,:,:,:,:,:,:,:,:,:,:,:,:,:,:,:,:,:,:,:,:,:,:,:,:
Siirt,:,:,:,:,:,:,:,:,:,:,:,:,:,:,:,:,:,:,:,:,:,:,:,:,:,:,:,:
Trabzon,:,:,:,:,:,:,:,:,:,:,:,:,:,:,:,:,:,:,:,:,:,:,:,:,:,:,:,:
Van,:,:,:,:,:,:,:,:,:,:,:,:,:,:,:,:,:,:,:,:,:,:,:,:,:,:,:,:
Zonguldak,:,:,:,:,:,:,:,:,:,:,:,:,:,:,:,:,:,:,:,:,:,:,:,:,:,:,:,:
Norge,:,:,:,:,:,:,:,:,:,:,:,:,:,:,:,6.00,:,:,:,7.00,:,:,:,:,:,:,:,:
Oslo,:,:,:,:,:,:,:,:,:,:,:,:,:,:,:,6.00,:,:,:,8.00,:,:,:,:,:,:,:,:
Bergen,:,:,:,:,:,:,:,:,:,:,:,:,:,:,:,4.00,:,:,:,5.00,:,:,:,:,:,:,:,:
Trondheim,:,:,:,:,:,:,:,:,:,:,:,:,:,:,:,13.00,:,:,:,16.00,:,:,:,:,:,:,:,:
Stavanger,:,:,:,:,:,:,:,:,:,:,:,:,:,:,:,10.00,:,:,:,12.00,:,:,:,:,:,:,:,:
Kristiansand,:,:,:,:,:,:,:,:,:,:,:,:,:,:,:,12.00,:,:,:,12.00,:,:,:,:,:,:,:,:
Tromsø,:,:,:,:,:,:,:,:,:,:,:,:,:,:,:,4.00,:,:,:,:,:,:,:,:,:,:,:,:
Schweiz/Suisse,7.23,:,:,:,:,:,:,:,:,:,6.87,:,:,:,:,:,:,:,:,:,:,:,:,:,:,:,:,:
Zürich,3.31,:,:,:,:,:,:,:,:,:,4.86,:,:,:,:,:,:,:,:,:,:,:,4.24,3.90,4.53,:,:,:
Zürich (greater city),:,:,:,:,:,:,:,:,:,:,:,:,:,:,:,:,:,:,:,:,:,:,:,3.50,4.04,:,:,:
Genève,1.95,:,:,:,:,:,:,:,:,:,4.63,:,:,:,:,:,:,:,:,:,:,:,6.86,6.40,6.79,:,:,:
Genève (greater city),:,:,:,:,:,:,:,:,:,:,:,:,:,:,:,:,:,:,:,:,:,:,:,5.70,6.05,:,:,:
Basel,10.72,:,:,:,:,:,:,:,:,:,15.35,:,:,:,:,:,:,:,:,:,:,:,13.35,13.70,14.93,:,:,:
Basel (greater city),:,:,:,:,:,:,:,:,:,:,:,:,:,:,:,:,:,:,:,:,:,:,:,11.90,13.27,:,:,:
Bern,7.55,:,:,:,:,:,:,:,:,:,11.44,:,:,:,:,:,:,:,:,:,:,:,7.81,7.80,7.60,:,:,:
Bern (greater city),:,:,:,:,:,:,:,:,:,:,:,:,:,:,:,:,:,:,:,:,:,:,:,7.00,6.86,:,:,:
Lausanne,0.60,:,:,:,:,:,:,:,:,:,0.92,:,:,:,:,:,:,:,:,:,:,:,1.23,1.20,1.54,:,:,:
Lausanne (greater city),:,:,:,:,:,:,:,:,:,:,:,:,:,:,:,:,:,:,:,:,:,:,:,1.20,1.47,:,:,:
Winterthur,16.09,:,:,:,:,:,:,:,:,:,13.20,:,:,:,:,:,:,:,:,:,:,:,8.43,8.70,9.04,:,:,:
St. Gallen,4.84,:,:,:,:,:,:,:,:,:,6.05,:,:,:,:,:,:,:,:,:,:,:,3.97,4.00,3.57,:,:,:
Luzern,6.27,:,:,:,:,:,:,:,:,:,9.18,:,:,:,:,:,:,:,:,:,:,:,7.89,8.10,8.33,:,:,:
Luzern (greater city),:,:,:,:,:,:,:,:,:,:,:,:,:,:,:,:,:,:,:,:,:,:,:,7.40,7.72,:,:,:
Lugano,1.91,:,:,:,:,:,:,:,:,:,1.65,:,:,:,:,:,:,:,:,:,:,:,2.12,1.60,1.81,:,:,:
Lugano (greater city),:,:,:,:,:,:,:,:,:,:,:,:,:,:,:,:,:,:,:,:,:,:,:,1.50,1.81,:,:,:
Biel/Bienne,12.16,:,:,:,:,:,:,:,:,:,11.24,:,:,:,:,:,:,:,:,:,:,:,8.86,6.90,6.89,:,:,:
,,,,,,,,,,,,,,,,,,,,,,,,,,,,
Special value:,,,,,,,,,,,,,,,,,,,,,,,,,,,,
:,not available,,,,,,,,,,,,,,,,,,,,,,,,,,,
